Url,Zestimate,Price,Bathrooms,Bedrooms,Living Area,Home Type,Street Address,City,Zip,State,Country,Full Address,Latitude,Longitude,HOLC_Region,HOLC_Rating
https://www.zillow.com/homedetails/3801-Canterbury-Rd-UNIT-809-Baltimore-MD-21218/36476172_zpid/,348246,479000,3,3,1699,SINGLE_FAMILY,3801 Canterbury Rd UNIT 809,Baltimore,21218,MD,USA,3801 Canterbury Rd UNIT 809 Baltimore 21218 MD USA ,39.3344694,-76.6197077,A1,A
https://www.zillow.com/homedetails/226-E-39th-St-Baltimore-MD-21218/36471755_zpid/,598873,610000,4,5,3615,SINGLE_FAMILY,226 E 39th St,Baltimore,21218,MD,USA,226 E 39th St Baltimore 21218 MD USA ,39.3365868,-76.6109167,A1,A
https://www.zillow.com/homedetails/3908-N-Charles-St-UNIT-700-Baltimore-MD-21218/36470928_zpid/,730285,749000,3,3,3351,SINGLE_FAMILY,3908 N Charles St UNIT 700,Baltimore,21218,MD,USA,3908 N Charles St UNIT 700 Baltimore 21218 MD USA ,39.3373425,-76.6189127,A1,A
https://www.zillow.com/homedetails/3908-N-Charles-St-UNIT-1303-Baltimore-MD-21218/36470951_zpid/,,1979888,3,2,3742,SINGLE_FAMILY,3908 N Charles St UNIT 1303,Baltimore,21218,MD,USA,3908 N Charles St UNIT 1303 Baltimore 21218 MD USA ,39.3373425,-76.6189127,A1,A
https://www.zillow.com/homedetails/4000-N-Charles-St-UNIT-1212-Baltimore-MD-21218/36470870_zpid/,239001,239000,2,2,1212,SINGLE_FAMILY,4000 N Charles St UNIT 1212,Baltimore,21218,MD,USA,4000 N Charles St UNIT 1212 Baltimore 21218 MD USA ,39.3381177,-76.6189588,A1,A
https://www.zillow.com/homedetails/4005-Saint-Paul-St-Baltimore-MD-21218/131239882_zpid/,1536939,1599000,6,6,6445,SINGLE_FAMILY,4005 Saint Paul St,Baltimore,21218,MD,USA,4005 Saint Paul St Baltimore 21218 MD USA ,39.3386418,-76.6153221,A1,A
https://www.zillow.com/homedetails/500-Overhill-Rd-Baltimore-MD-21210/36589994_zpid/,927730,949000,4,7,4186,SINGLE_FAMILY,500 Overhill Rd,Baltimore,21210,MD,USA,500 Overhill Rd Baltimore 21210 MD USA ,39.3411219,-76.6309599,A1,A
https://www.zillow.com/homedetails/4303-Underwood-Rd-Baltimore-MD-21218/36588954_zpid/,1319904,1280000,6,6,5755,SINGLE_FAMILY,4303 Underwood Rd,Baltimore,21218,MD,USA,4303 Underwood Rd Baltimore 21218 MD USA ,39.3415363,-76.6123207,A1,A
https://www.zillow.com/homedetails/4-Charlcote-Pl-Baltimore-MD-21218/36621036_zpid/,1807324,1850000,8,7,6545,SINGLE_FAMILY,4 Charlcote Pl,Baltimore,21218,MD,USA,4 Charlcote Pl Baltimore 21218 MD USA ,39.3438804,-76.6201287,A1,A
https://www.zillow.com/homedetails/1-Whitfield-Rd-Baltimore-MD-21210/36590170_zpid/,2903229,2950000,6,5,8008,SINGLE_FAMILY,1 Whitfield Rd,Baltimore,21210,MD,USA,1 Whitfield Rd Baltimore 21210 MD USA ,39.3441232,-76.6227238,A1,A
https://www.zillow.com/homedetails/15-W-Cold-Spring-Ln-Baltimore-MD-21210/36590181_zpid/,592344,599000,5,4,3601,SINGLE_FAMILY,15 W Cold Spring Ln,Baltimore,21210,MD,USA,15 W Cold Spring Ln Baltimore 21210 MD USA ,39.344899,-76.623946,A1,A
https://www.zillow.com/homedetails/3219-The-Alameda-Baltimore-MD-21218/36464883_zpid/,274989,275000,4,6,1792,SINGLE_FAMILY,3219 The Alameda,Baltimore,21218,MD,USA,3219 The Alameda Baltimore 21218 MD USA ,39.3277135,-76.5946333,A2,A
https://www.zillow.com/homedetails/1313-E-35th-St-Baltimore-MD-21218/36465065_zpid/,87723,229999,2,3,1816,SINGLE_FAMILY,1313 E 35th St,Baltimore,21218,MD,USA,1313 E 35th St Baltimore 21218 MD USA ,39.3307102,-76.5969176,A2,A
https://www.zillow.com/homedetails/800-Wellington-Rd-Baltimore-MD-21212/36404275_zpid/,695004,695000,3,4,2527,SINGLE_FAMILY,800 Wellington Rd,Baltimore,21212,MD,USA,800 Wellington Rd Baltimore 21212 MD USA ,39.3794693,-76.603158,A3,A
https://www.zillow.com/homedetails/7113-Bristol-Rd-Baltimore-MD-21212/36420433_zpid/,660004,660000,3,3,2553,SINGLE_FAMILY,7113 Bristol Rd,Baltimore,21212,MD,USA,7113 Bristol Rd Baltimore 21212 MD USA ,39.38107,-76.60653,A3,A
https://www.zillow.com/homedetails/7524-Seven-Mile-Ln-Baltimore-MD-21208/36339674_zpid/,,749000,5,7,3918,SINGLE_FAMILY,7524 Seven Mile Ln,Baltimore,21208,MD,USA,7524 Seven Mile Ln Baltimore 21208 MD USA ,39.374268,-76.706565,A4,A
https://www.zillow.com/homedetails/5314-Brabant-Rd-Baltimore-MD-21229/36630879_zpid/,235000,235000,1,3,1252,SINGLE_FAMILY,5314 Brabant Rd,Baltimore,21229,MD,USA,5314 Brabant Rd Baltimore 21229 MD USA ,39.2851059,-76.7080602,A5,A
https://www.zillow.com/homedetails/301-Kingston-Rd-Baltimore-MD-21229/36630611_zpid/,395150,399999,4,6,2020,SINGLE_FAMILY,301 Kingston Rd,Baltimore,21229,MD,USA,301 Kingston Rd Baltimore 21229 MD USA ,39.2860367,-76.7067184,A5,A
https://www.zillow.com/homedetails/513-Nottingham-Rd-Baltimore-MD-21229/36630768_zpid/,371315,375000,4,5,2273,SINGLE_FAMILY,513 Nottingham Rd,Baltimore,21229,MD,USA,513 Nottingham Rd Baltimore 21229 MD USA ,39.2902609,-76.6985436,A5,A
https://www.zillow.com/homedetails/4634-Rokeby-Rd-Baltimore-MD-21229/36629051_zpid/,187001,187000,2,4,2607,SINGLE_FAMILY,4634 Rokeby Rd,Baltimore,21229,MD,USA,4634 Rokeby Rd Baltimore 21229 MD USA ,39.2958243,-76.6956569,A5,A
https://www.zillow.com/homedetails/1600-Ralworth-Rd-Baltimore-MD-21218/36467262_zpid/,179001,179000,2,3,1680,SINGLE_FAMILY,1600 Ralworth Rd,Baltimore,21218,MD,USA,1600 Ralworth Rd Baltimore 21218 MD USA ,39.3395595,-76.5912927,A6,A
https://www.zillow.com/homedetails/1205-Havenwood-Rd-Baltimore-MD-21218/36610787_zpid/,299001,299000,3,3,1786,SINGLE_FAMILY,1205 Havenwood Rd,Baltimore,21218,MD,USA,1205 Havenwood Rd Baltimore 21218 MD USA ,39.34144,-76.596579,A6,A
https://www.zillow.com/homedetails/4223-Sheldon-Ave-Baltimore-MD-21206/36573884_zpid/,131276,132000,2,3,1530,SINGLE_FAMILY,4223 Sheldon Ave,Baltimore,21206,MD,USA,4223 Sheldon Ave Baltimore 21206 MD USA ,39.3280968,-76.5643322,B10,B
https://www.zillow.com/homedetails/4411-Asbury-Ave-Baltimore-MD-21206/36574030_zpid/,156038,159900,2,4,1564,SINGLE_FAMILY,4411 Asbury Ave,Baltimore,21206,MD,USA,4411 Asbury Ave Baltimore 21206 MD USA ,39.3287684,-76.5624485,B10,B
https://www.zillow.com/homedetails/4122-Eierman-Ave-Baltimore-MD-21206/36577635_zpid/,,110000,2,3,1136,SINGLE_FAMILY,4122 Eierman Ave,Baltimore,21206,MD,USA,4122 Eierman Ave Baltimore 21206 MD USA ,39.3298315,-76.565406,B10,B
https://www.zillow.com/homedetails/4608-Belair-Rd-Baltimore-MD-21206/36576432_zpid/,105000,105000,1,3,1052,SINGLE_FAMILY,4608 Belair Rd,Baltimore,21206,MD,USA,4608 Belair Rd Baltimore 21206 MD USA ,39.3316182,-76.5614552,B10,B
https://www.zillow.com/homedetails/4210-Heckel-Ave-Baltimore-MD-21206/36577499_zpid/,219698,245000,2,4,1796,SINGLE_FAMILY,4210 Heckel Ave,Baltimore,21206,MD,USA,4210 Heckel Ave Baltimore 21206 MD USA ,39.3326255,-76.5684423,B10,B
https://www.zillow.com/homedetails/5202-Nuth-Ave-Baltimore-MD-21206/36565926_zpid/,233029,250000,4,4,1254,SINGLE_FAMILY,5202 Nuth Ave,Baltimore,21206,MD,USA,5202 Nuth Ave Baltimore 21206 MD USA ,39.3363291,-76.5521421,B10,B
https://www.zillow.com/homedetails/4013-Chesmont-Ave-Baltimore-MD-21206/36580037_zpid/,259901,259900,3,4,1404,SINGLE_FAMILY,4013 Chesmont Ave,Baltimore,21206,MD,USA,4013 Chesmont Ave Baltimore 21206 MD USA ,39.3368057,-76.5555288,B10,B
https://www.zillow.com/homedetails/4211-Lasalle-Ave-Baltimore-MD-21206/36566075_zpid/,225001,225000,2,4,1825,SINGLE_FAMILY,4211 Lasalle Ave,Baltimore,21206,MD,USA,4211 Lasalle Ave Baltimore 21206 MD USA ,39.3381195,-76.5500565,B10,B
https://www.zillow.com/homedetails/3104-Montebello-Ter-Baltimore-MD-21214/36577090_zpid/,265001,265000,3,3,2111,SINGLE_FAMILY,3104 Montebello Ter,Baltimore,21214,MD,USA,3104 Montebello Ter Baltimore 21214 MD USA ,39.3383815,-76.5696614,B10,B
https://www.zillow.com/homedetails/4626-Harcourt-Rd-Baltimore-MD-21214/36576771_zpid/,155825,154900,2,3,1928,SINGLE_FAMILY,4626 Harcourt Rd,Baltimore,21214,MD,USA,4626 Harcourt Rd Baltimore 21214 MD USA ,39.3390174,-76.5646384,B10,B
https://www.zillow.com/homedetails/5704-Adleigh-Ave-Baltimore-MD-21206/36568552_zpid/,,60000,2,2,1377,SINGLE_FAMILY,5704 Adleigh Ave,Baltimore,21206,MD,USA,5704 Adleigh Ave Baltimore 21206 MD USA ,39.3400817,-76.5410333,B10,B
https://www.zillow.com/homedetails/5709-Anthony-Ave-Baltimore-MD-21206/36568546_zpid/,179901,179900,1,3,1377,SINGLE_FAMILY,5709 Anthony Ave,Baltimore,21206,MD,USA,5709 Anthony Ave Baltimore 21206 MD USA ,39.3403921,-76.5413043,B10,B
https://www.zillow.com/homedetails/4811-Crosswood-Ave-Baltimore-MD-21214/36579765_zpid/,215001,215000,2,3,1515,SINGLE_FAMILY,4811 Crosswood Ave,Baltimore,21214,MD,USA,4811 Crosswood Ave Baltimore 21214 MD USA ,39.3412754,-76.5607215,B10,B
https://www.zillow.com/homedetails/4401-Bayonne-Ave-Baltimore-MD-21206/36568500_zpid/,285940,309900,4,5,3121,SINGLE_FAMILY,4401 Bayonne Ave,Baltimore,21206,MD,USA,4401 Bayonne Ave Baltimore 21206 MD USA ,39.3414253,-76.539971,B10,B
https://www.zillow.com/homedetails/5628-Belair-Rd-Baltimore-MD-21206/36579224_zpid/,150000,150000,2,4,1575,SINGLE_FAMILY,5628 Belair Rd,Baltimore,21206,MD,USA,5628 Belair Rd Baltimore 21206 MD USA ,39.3418106,-76.546785,B10,B
https://www.zillow.com/homedetails/4804-Holder-Ave-Baltimore-MD-21214/36579101_zpid/,89226,319900,3,4,1256,SINGLE_FAMILY,4804 Holder Ave,Baltimore,21214,MD,USA,4804 Holder Ave Baltimore 21214 MD USA ,39.3429543,-76.5631597,B10,B
https://www.zillow.com/homedetails/4609-Hampnett-Ave-Baltimore-MD-21214/36606941_zpid/,313001,313000,4,5,2950,SINGLE_FAMILY,4609 Hampnett Ave,Baltimore,21214,MD,USA,4609 Hampnett Ave Baltimore 21214 MD USA ,39.3433754,-76.5708353,B10,B
https://www.zillow.com/homedetails/4909-Walther-Ave-Baltimore-MD-21214/36579790_zpid/,333062,300000,2,3,3291,SINGLE_FAMILY,4909 Walther Ave,Baltimore,21214,MD,USA,4909 Walther Ave Baltimore 21214 MD USA ,39.343433,-76.5604505,B10,B
https://www.zillow.com/homedetails/4207-Mary-Ave-Baltimore-MD-21206/36568444_zpid/,270002,270000,3,4,1690,SINGLE_FAMILY,4207 Mary Ave,Baltimore,21206,MD,USA,4207 Mary Ave Baltimore 21206 MD USA ,39.3438256,-76.542072,B10,B
https://www.zillow.com/homedetails/5832-Westwood-Ave-Baltimore-MD-21206/36279699_zpid/,262190,259900,2,3,1154,SINGLE_FAMILY,5832 Westwood Ave,Baltimore,21206,MD,USA,5832 Westwood Ave Baltimore 21206 MD USA ,39.344557,-76.5282977,B10,B
https://www.zillow.com/homedetails/3604-Frankford-Ave-Baltimore-MD-21214/36578349_zpid/,210001,210000,2,4,1021,SINGLE_FAMILY,3604 Frankford Ave,Baltimore,21214,MD,USA,3604 Frankford Ave Baltimore 21214 MD USA ,39.3456319,-76.5554385,B10,B
https://www.zillow.com/homedetails/5920-Greenhill-Ave-Baltimore-MD-21206/36567919_zpid/,246901,246900,3,3,1652,SINGLE_FAMILY,5920 Greenhill Ave,Baltimore,21206,MD,USA,5920 Greenhill Ave Baltimore 21206 MD USA ,39.345835,-76.537827,B10,B
https://www.zillow.com/homedetails/3311-Echodale-Ave-Baltimore-MD-21214/36578859_zpid/,233446,179999,3,3,1060,SINGLE_FAMILY,3311 Echodale Ave,Baltimore,21214,MD,USA,3311 Echodale Ave Baltimore 21214 MD USA ,39.3469384,-76.5601345,B10,B
https://www.zillow.com/homedetails/3715-Mary-Ave-Baltimore-MD-21206/36581756_zpid/,230001,230000,3,4,2088,SINGLE_FAMILY,3715 Mary Ave,Baltimore,21206,MD,USA,3715 Mary Ave Baltimore 21206 MD USA ,39.348289,-76.5467008,B10,B
https://www.zillow.com/homedetails/3800-White-Ave-Baltimore-MD-21206/36581745_zpid/,249901,249900,2,3,1772,SINGLE_FAMILY,3800 White Ave,Baltimore,21206,MD,USA,3800 White Ave Baltimore 21206 MD USA ,39.3483087,-76.5477168,B10,B
https://www.zillow.com/homedetails/4205-Kolb-Ave-Baltimore-MD-21206/36567434_zpid/,,195000,1,4,1269,SINGLE_FAMILY,4205 Kolb Ave,Baltimore,21206,MD,USA,4205 Kolb Ave Baltimore 21206 MD USA ,39.3526862,-76.5317753,B10,B
https://www.zillow.com/homedetails/3909-Pinewood-Ave-Baltimore-MD-21206/36585195_zpid/,274902,274900,3,4,1235,SINGLE_FAMILY,3909 Pinewood Ave,Baltimore,21206,MD,USA,3909 Pinewood Ave Baltimore 21206 MD USA ,39.3553709,-76.5337139,B10,B
https://www.zillow.com/homedetails/2817-White-Ave-Baltimore-MD-21214/36585355_zpid/,340126,325000,4,3,2000,SINGLE_FAMILY,2817 White Ave,Baltimore,21214,MD,USA,2817 White Ave Baltimore 21214 MD USA ,39.3563334,-76.561173,B10,B
https://www.zillow.com/homedetails/11-Chesley-Ave-Baltimore-MD-21206/36271970_zpid/,239902,239900,2,3,1968,SINGLE_FAMILY,11 Chesley Ave,Baltimore,21206,MD,USA,11 Chesley Ave Baltimore 21206 MD USA ,39.3581985,-76.5285634,B10,B
https://www.zillow.com/homedetails/6221-Birchwood-Ave-Baltimore-MD-21214/36609025_zpid/,159900,159900,1,3,1100,SINGLE_FAMILY,6221 Birchwood Ave,Baltimore,21214,MD,USA,6221 Birchwood Ave Baltimore 21214 MD USA ,39.3617634,-76.5630242,B10,B
https://www.zillow.com/homedetails/2824-Pinewood-Ave-Baltimore-MD-21214/36609334_zpid/,220001,220000,3,3,1378,SINGLE_FAMILY,2824 Pinewood Ave,Baltimore,21214,MD,USA,2824 Pinewood Ave Baltimore 21214 MD USA ,39.3627656,-76.5562964,B10,B
https://www.zillow.com/homedetails/2930-Berwick-Ave-Baltimore-MD-21234/36609583_zpid/,175000,175000,2,4,2680,SINGLE_FAMILY,2930 Berwick Ave,Baltimore,21234,MD,USA,2930 Berwick Ave Baltimore 21234 MD USA ,39.3647617,-76.5516003,B10,B
https://www.zillow.com/homedetails/2824-Inglewood-Ave-Baltimore-MD-21234/36609546_zpid/,228226,299900,3,3,2100,SINGLE_FAMILY,2824 Inglewood Ave,Baltimore,21234,MD,USA,2824 Inglewood Ave Baltimore 21234 MD USA ,39.3675789,-76.5511939,B10,B
https://www.zillow.com/homedetails/2605-Moore-Ave-Baltimore-MD-21234/36610537_zpid/,240991,235000,3,5,2063,SINGLE_FAMILY,2605 Moore Ave,Baltimore,21234,MD,USA,2605 Moore Ave Baltimore 21234 MD USA ,39.3700179,-76.5563867,B10,B
https://www.zillow.com/homedetails/2808-Linganore-Ave-Baltimore-MD-21234/36400835_zpid/,336311,329000,3,3,1262,SINGLE_FAMILY,2808 Linganore Ave,Baltimore,21234,MD,USA,2808 Linganore Ave Baltimore 21234 MD USA ,39.3744265,-76.5474438,B10,B
https://www.zillow.com/homedetails/2625-Wendover-Rd-Baltimore-MD-21234/36419605_zpid/,237316,229900,2,4,1830,SINGLE_FAMILY,2625 Wendover Rd,Baltimore,21234,MD,USA,2625 Wendover Rd Baltimore 21234 MD USA ,39.3752607,-76.5481684,B10,B
https://www.zillow.com/homedetails/4805-Calumet-Ave-Baltimore-MD-21206/36565851_zpid/,319902,319900,3,5,2485,SINGLE_FAMILY,4805 Calumet Ave,Baltimore,21206,MD,USA,4805 Calumet Ave Baltimore 21206 MD USA ,39.3300984,-76.5453501,B10,B
https://www.zillow.com/homedetails/3151-Ravenwood-Ave-Baltimore-MD-21213/36456852_zpid/,,85000,1,3,896,SINGLE_FAMILY,3151 Ravenwood Ave,Baltimore,21213,MD,USA,3151 Ravenwood Ave Baltimore 21213 MD USA ,39.3151661,-76.5790637,B11,B
https://www.zillow.com/homedetails/2101-Belair-Rd-Baltimore-MD-21213/36456947_zpid/,,139900,1,4,1322,SINGLE_FAMILY,2101 Belair Rd,Baltimore,21213,MD,USA,2101 Belair Rd Baltimore 21213 MD USA ,39.3159904,-76.5798309,B11,B
https://www.zillow.com/homedetails/3110-Cliftmont-Ave-Baltimore-MD-21213/36456669_zpid/,,149900,2,3,1896,SINGLE_FAMILY,3110 Cliftmont Ave,Baltimore,21213,MD,USA,3110 Cliftmont Ave Baltimore 21213 MD USA ,39.3194969,-76.575021,B11,B
https://www.zillow.com/homedetails/2877-Mayfield-Ave-Baltimore-MD-21213/36456147_zpid/,101029,105000,2,3,1140,SINGLE_FAMILY,2877 Mayfield Ave,Baltimore,21213,MD,USA,2877 Mayfield Ave Baltimore 21213 MD USA ,39.3222669,-76.57323,B11,B
https://www.zillow.com/homedetails/2837-Pelham-Ave-Baltimore-MD-21213/36575926_zpid/,130000,130000,2,5,1164,SINGLE_FAMILY,2837 Pelham Ave,Baltimore,21213,MD,USA,2837 Pelham Ave Baltimore 21213 MD USA ,39.3250009,-76.5715575,B11,B
https://www.zillow.com/homedetails/2217-Pelham-Ave-Baltimore-MD-21213/36446706_zpid/,232130,230000,2,3,1604,SINGLE_FAMILY,2217 Pelham Ave,Baltimore,21213,MD,USA,2217 Pelham Ave Baltimore 21213 MD USA ,39.3297498,-76.5789957,B11,B
https://www.zillow.com/homedetails/2215-Pelham-Ave-Baltimore-MD-21213/36446705_zpid/,231885,230000,2,3,1504,SINGLE_FAMILY,2215 Pelham Ave,Baltimore,21213,MD,USA,2215 Pelham Ave Baltimore 21213 MD USA ,39.3297931,-76.5790549,B11,B
https://www.zillow.com/homedetails/2-Glencoe-Ave-Baltimore-MD-21228/36191791_zpid/,,209900,2,4,2380,SINGLE_FAMILY,2 Glencoe Ave,Baltimore,21228,MD,USA,2 Glencoe Ave Baltimore 21228 MD USA ,39.2701545,-76.7236662,B14,B
https://www.zillow.com/homedetails/31-Bishops-Ln-Baltimore-MD-21228/36199347_zpid/,384155,375000,3,3,1610,SINGLE_FAMILY,31 Bishops Ln,Baltimore,21228,MD,USA,31 Bishops Ln Baltimore 21228 MD USA ,39.2709184,-76.7279565,B14,B
https://www.zillow.com/homedetails/3-Delrey-Ave-Baltimore-MD-21228/36203474_zpid/,,279900,1,2,1523,SINGLE_FAMILY,3 Delrey Ave,Baltimore,21228,MD,USA,3 Delrey Ave Baltimore 21228 MD USA ,39.2734427,-76.7272377,B14,B
https://www.zillow.com/homedetails/1-Woodlawn-Ave-Baltimore-MD-21228/36194606_zpid/,,499900,3,4,2006,SINGLE_FAMILY,1 Woodlawn Ave,Baltimore,21228,MD,USA,1 Woodlawn Ave Baltimore 21228 MD USA ,39.27393,-76.7230841,B14,B
https://www.zillow.com/homedetails/21-Fusting-Ave-Baltimore-MD-21228/36233523_zpid/,269902,269900,2,3,1105,SINGLE_FAMILY,21 Fusting Ave,Baltimore,21228,MD,USA,21 Fusting Ave Baltimore 21228 MD USA ,39.2740196,-76.7342488,B14,B
https://www.zillow.com/homedetails/416-Overbrook-Rd-Baltimore-MD-21228/36191952_zpid/,256190,180200,2,3,1280,SINGLE_FAMILY,416 Overbrook Rd,Baltimore,21228,MD,USA,416 Overbrook Rd Baltimore 21228 MD USA ,39.2833896,-76.7159872,B14,B
https://www.zillow.com/homedetails/610-Plymouth-Rd-Baltimore-MD-21229/36192921_zpid/,414082,399000,3,4,1620,SINGLE_FAMILY,610 Plymouth Rd,Baltimore,21229,MD,USA,610 Plymouth Rd Baltimore 21229 MD USA ,39.2861713,-76.7145094,B14,B
https://www.zillow.com/homedetails/5109-Greenwich-Ave-Baltimore-MD-21229/36630535_zpid/,259900,259900,2,3,1056,SINGLE_FAMILY,5109 Greenwich Ave,Baltimore,21229,MD,USA,5109 Greenwich Ave Baltimore 21229 MD USA ,39.290911,-76.7082857,B14,B
https://www.zillow.com/homedetails/1818-Edmondson-Ave-Baltimore-MD-21228/36205264_zpid/,,750000,5,5,3040,SINGLE_FAMILY,1818 Edmondson Ave,Baltimore,21228,MD,USA,1818 Edmondson Ave Baltimore 21228 MD USA ,39.2739961,-76.755249,B14,B
https://www.zillow.com/homedetails/4-Overbrook-Rd-Baltimore-MD-21228/36197164_zpid/,610075,359990,2,2,1339,SINGLE_FAMILY,4 Overbrook Rd,Baltimore,21228,MD,USA,4 Overbrook Rd Baltimore 21228 MD USA ,39.282566,-76.714696,B14,B
https://www.zillow.com/homedetails/604-Carysbrook-Rd-Baltimore-MD-21208/36340185_zpid/,317977,315000,3,3,2032,SINGLE_FAMILY,604 Carysbrook Rd,Baltimore,21208,MD,USA,604 Carysbrook Rd Baltimore 21208 MD USA ,39.3650012,-76.7344863,B15,B
https://www.zillow.com/homedetails/710-Westover-Rd-Baltimore-MD-21208/36341171_zpid/,300365,299900,2,5,1851,SINGLE_FAMILY,710 Westover Rd,Baltimore,21208,MD,USA,710 Westover Rd Baltimore 21208 MD USA ,39.3650606,-76.7250168,B15,B
https://www.zillow.com/homedetails/2836-Maryland-Ave-Baltimore-MD-21218/36472596_zpid/,269464,425000,3,3,2619,SINGLE_FAMILY,2836 Maryland Ave,Baltimore,21218,MD,USA,2836 Maryland Ave Baltimore 21218 MD USA ,39.3227486,-76.618944,B16,B
https://www.zillow.com/homedetails/300-E-33rd-St-Baltimore-MD-21218/36477892_zpid/,389001,389000,4,4,3219,SINGLE_FAMILY,300 E 33rd St,Baltimore,21218,MD,USA,300 E 33rd St Baltimore 21218 MD USA ,39.3285687,-76.613449,B16,B
https://www.zillow.com/homedetails/69-Burke-Ave-Towson-MD-21286/36406455_zpid/,369990,360000,3,3,2082,SINGLE_FAMILY,69 Burke Ave,Towson,21286,MD,USA,69 Burke Ave Towson 21286 MD USA ,39.394644,-76.5999031,B17,B
https://www.zillow.com/homedetails/28-Willow-Ave-Towson-MD-21286/119904086_zpid/,779004,759000,4,4,3430,SINGLE_FAMILY,28 Willow Ave,Towson,21286,MD,USA,28 Willow Ave Towson 21286 MD USA ,39.397348,-76.6012622,B17,B
https://www.zillow.com/homedetails/227-Bosley-Ave-Baltimore-MD-21204/36411577_zpid/,439003,439000,2,3,1716,SINGLE_FAMILY,227 Bosley Ave,Baltimore,21204,MD,USA,227 Bosley Ave Baltimore 21204 MD USA ,39.3978074,-76.6088565,B17,B
https://www.zillow.com/homedetails/409-Allegheny-Ave-Baltimore-MD-21204/36400401_zpid/,1205523,1210000,6,4,5508,SINGLE_FAMILY,409 Allegheny Ave,Baltimore,21204,MD,USA,409 Allegheny Ave Baltimore 21204 MD USA ,39.4021142,-76.610741,B17,B
https://www.zillow.com/homedetails/306-Lyndhurst-St-Baltimore-MD-21229/36522577_zpid/,,115000,2,4,1530,SINGLE_FAMILY,306 Lyndhurst St,Baltimore,21229,MD,USA,306 Lyndhurst St Baltimore 21229 MD USA ,39.2910591,-76.6806812,B18,B
https://www.zillow.com/homedetails/321-Mount-Holly-St-Baltimore-MD-21229/36522676_zpid/,145000,145000,2,3,1140,SINGLE_FAMILY,321 Mount Holly St,Baltimore,21229,MD,USA,321 Mount Holly St Baltimore 21229 MD USA ,39.2913663,-76.679294,B18,B
https://www.zillow.com/homedetails/406-Denison-St-Baltimore-MD-21229/36529686_zpid/,163878,164900,2,4,1860,SINGLE_FAMILY,406 Denison St,Baltimore,21229,MD,USA,406 Denison St Baltimore 21229 MD USA ,39.2921992,-76.674625,B18,B
https://www.zillow.com/homedetails/3726-Edmondson-Ave-Baltimore-MD-21229/36510514_zpid/,225001,225000,4,4,1512,SINGLE_FAMILY,3726 Edmondson Ave,Baltimore,21229,MD,USA,3726 Edmondson Ave Baltimore 21229 MD USA ,39.2941569,-76.6795077,B18,B
https://www.zillow.com/homedetails/3400-Edmondson-Ave-Baltimore-MD-21229/36511159_zpid/,92535,92000,2,3,2180,SINGLE_FAMILY,3400 Edmondson Ave,Baltimore,21229,MD,USA,3400 Edmondson Ave Baltimore 21229 MD USA ,39.2943542,-76.6743092,B18,B
https://www.zillow.com/homedetails/709-N-Woodington-Rd-Baltimore-MD-21229/36507261_zpid/,145086,169900,2,4,1504,SINGLE_FAMILY,709 N Woodington Rd,Baltimore,21229,MD,USA,709 N Woodington Rd Baltimore 21229 MD USA ,39.2958346,-76.6857786,B18,B
https://www.zillow.com/homedetails/4312-Colborne-Rd-Baltimore-MD-21229/36629652_zpid/,,325000,5,5,3776,SINGLE_FAMILY,4312 Colborne Rd,Baltimore,21229,MD,USA,4312 Colborne Rd Baltimore 21229 MD USA ,39.2961379,-76.689253,B18,B
https://www.zillow.com/homedetails/3817-Cranston-Ave-Baltimore-MD-21229/36510780_zpid/,152999,152999,2,3,1458,SINGLE_FAMILY,3817 Cranston Ave,Baltimore,21229,MD,USA,3817 Cranston Ave Baltimore 21229 MD USA ,39.2962637,-76.6808052,B18,B
https://www.zillow.com/homedetails/757-N-Grantley-St-Baltimore-MD-21229/2078418389_zpid/,115000,115000,2,3,1360,SINGLE_FAMILY,757 N Grantley St,Baltimore,21229,MD,USA,757 N Grantley St Baltimore 21229 MD USA ,39.2965351,-76.6759332,B18,B
https://www.zillow.com/homedetails/819-Lyndhurst-St-Baltimore-MD-21229/36510801_zpid/,140061,139900,2,3,1400,SINGLE_FAMILY,819 Lyndhurst St,Baltimore,21229,MD,USA,819 Lyndhurst St Baltimore 21229 MD USA ,39.2970428,-76.6811661,B18,B
https://www.zillow.com/homedetails/1013-Wicklow-Rd-Baltimore-MD-21229/36628763_zpid/,190000,190000,3,3,1582,SINGLE_FAMILY,1013 Wicklow Rd,Baltimore,21229,MD,USA,1013 Wicklow Rd Baltimore 21229 MD USA ,39.2974869,-76.6898044,B18,B
https://www.zillow.com/homedetails/1123-Wicklow-Rd-Baltimore-MD-21229/36628924_zpid/,161962,205917,2,3,1152,SINGLE_FAMILY,1123 Wicklow Rd,Baltimore,21229,MD,USA,1123 Wicklow Rd Baltimore 21229 MD USA ,39.2983096,-76.6910731,B18,B
https://www.zillow.com/homedetails/3603-Sussex-Rd-Pikesville-MD-21207/36324047_zpid/,200712,199900,2,2,1380,SINGLE_FAMILY,3603 Sussex Rd,Pikesville,21207,MD,USA,3603 Sussex Rd Pikesville 21207 MD USA ,39.3466734,-76.736786,B21,B
https://www.zillow.com/homedetails/1915-Valley-Rd-Baltimore-MD-21207/36233546_zpid/,273762,349900,3,5,1908,SINGLE_FAMILY,1915 Valley Rd,Baltimore,21207,MD,USA,1915 Valley Rd Baltimore 21207 MD USA ,39.3091804,-76.7128098,B22,B
https://www.zillow.com/homedetails/2112-Sunbriar-Ln-Baltimore-MD-21207/36200901_zpid/,160096,159900,2,3,936,SINGLE_FAMILY,2112 Sunbriar Ln,Baltimore,21207,MD,USA,2112 Sunbriar Ln Baltimore 21207 MD USA ,39.3152615,-76.7138329,B22,B
https://www.zillow.com/homedetails/429-Cleveland-Rd-Linthicum-Hts-MD-21090/36132112_zpid/,494288,505000,4,4,2146,SINGLE_FAMILY,429 Cleveland Rd,Linthicum Hts,21090,MD,USA,429 Cleveland Rd Linthicum Hts 21090 MD USA ,39.20214,-76.6605605,B23,B
https://www.zillow.com/homedetails/5258-Nelson-Ave-Baltimore-MD-21215/36599256_zpid/,97559,85000,2,3,1400,SINGLE_FAMILY,5258 Nelson Ave,Baltimore,21215,MD,USA,5258 Nelson Ave Baltimore 21215 MD USA ,39.345962,-76.6836246,B3,B
https://www.zillow.com/homedetails/3417-Rockwood-Ave-Baltimore-MD-21215/36602526_zpid/,,257900,3,4,1900,SINGLE_FAMILY,3417 Rockwood Ave,Baltimore,21215,MD,USA,3417 Rockwood Ave Baltimore 21215 MD USA ,39.3557957,-76.6851711,B3,B
https://www.zillow.com/homedetails/6210-Park-Heights-Ave-202-Baltimore-MD-21215/36604928_zpid/,84622,87000,2,2,1346,SINGLE_FAMILY,6210 Park Heights Ave #202,Baltimore,21215,MD,USA,6210 Park Heights Ave #202 Baltimore 21215 MD USA ,39.3581568,-76.6939999,B3,B
https://www.zillow.com/homedetails/6317-Park-Heights-Ave-UNIT-506-Baltimore-MD-21215/36601249_zpid/,76214,79900,1,2,1348,SINGLE_FAMILY,6317 Park Heights Ave UNIT 506,Baltimore,21215,MD,USA,6317 Park Heights Ave UNIT 506 Baltimore 21215 MD USA ,39.3608157,-76.6961164,B3,B
https://www.zillow.com/homedetails/6317-Park-Heights-Ave-UNIT-106-Baltimore-MD-21215/36601175_zpid/,,99900,1,2,1348,SINGLE_FAMILY,6317 Park Heights Ave UNIT 106,Baltimore,21215,MD,USA,6317 Park Heights Ave UNIT 106 Baltimore 21215 MD USA ,39.3608157,-76.6961164,B3,B
https://www.zillow.com/homedetails/6025-Highgate-Dr-Baltimore-MD-21215/36601727_zpid/,247280,247500,3,3,1456,SINGLE_FAMILY,6025 Highgate Dr,Baltimore,21215,MD,USA,6025 Highgate Dr Baltimore 21215 MD USA ,39.3608766,-76.6865003,B3,B
https://www.zillow.com/homedetails/6019-Western-Run-Dr-Baltimore-MD-21209/36602482_zpid/,361246,364999,2,4,1878,SINGLE_FAMILY,6019 Western Run Dr,Baltimore,21209,MD,USA,6019 Western Run Dr Baltimore 21209 MD USA ,39.3626854,-76.6855135,B3,B
https://www.zillow.com/homedetails/3410-Bancroft-Rd-Baltimore-MD-21215/36600582_zpid/,1499950,1500000,4,6,6505,SINGLE_FAMILY,3410 Bancroft Rd,Baltimore,21215,MD,USA,3410 Bancroft Rd Baltimore 21215 MD USA ,39.3631336,-76.696435,B3,B
https://www.zillow.com/homedetails/7121-Park-Heights-Ave-UNIT-107-Baltimore-MD-21215/36600196_zpid/,77654,79944,2,2,1516,SINGLE_FAMILY,7121 Park Heights Ave UNIT 107,Baltimore,21215,MD,USA,7121 Park Heights Ave UNIT 107 Baltimore 21215 MD USA ,39.3681125,-76.7057288,B3,B
https://www.zillow.com/homedetails/7121-Park-Heights-Ave-UNIT-808-Baltimore-MD-21215/36600270_zpid/,86821,79944,2,2,1517,SINGLE_FAMILY,7121 Park Heights Ave UNIT 808,Baltimore,21215,MD,USA,7121 Park Heights Ave UNIT 808 Baltimore 21215 MD USA ,39.3681125,-76.7057288,B3,B
https://www.zillow.com/homedetails/7121-Park-Heights-Ave-UNIT-607-Baltimore-MD-21215/36600245_zpid/,76008,78500,2,2,1522,SINGLE_FAMILY,7121 Park Heights Ave UNIT 607,Baltimore,21215,MD,USA,7121 Park Heights Ave UNIT 607 Baltimore 21215 MD USA ,39.3681125,-76.7057288,B3,B
https://www.zillow.com/homedetails/7306-Park-Heights-Ave-UNIT-A-Baltimore-MD-21208/36603569_zpid/,101048,104900,1,2,910,SINGLE_FAMILY,7306 Park Heights Ave UNIT A,Baltimore,21208,MD,USA,7306 Park Heights Ave UNIT A Baltimore 21208 MD USA ,39.3698085,-76.7088364,B3,B
https://www.zillow.com/homedetails/2514-Queen-Anne-Rd-Baltimore-MD-21216/36501021_zpid/,,100000,4,5,2906,SINGLE_FAMILY,2514 Queen Anne Rd,Baltimore,21216,MD,USA,2514 Queen Anne Rd Baltimore 21216 MD USA ,39.3152874,-76.6875829,B4,B
https://www.zillow.com/homedetails/3913-Bateman-Ave-Baltimore-MD-21216/36500950_zpid/,,194999,1,4,1620,SINGLE_FAMILY,3913 Bateman Ave,Baltimore,21216,MD,USA,3913 Bateman Ave Baltimore 21216 MD USA ,39.3173679,-76.683884,B4,B
https://www.zillow.com/homedetails/4515-Fairfax-Rd-Baltimore-MD-21216/36628165_zpid/,170382,175000,3,5,1524,SINGLE_FAMILY,4515 Fairfax Rd,Baltimore,21216,MD,USA,4515 Fairfax Rd Baltimore 21216 MD USA ,39.3183947,-76.6911657,B4,B
https://www.zillow.com/homedetails/6502-Dogwood-Rd-Baltimore-MD-21207/36315974_zpid/,240402,240400,2,3,1152,SINGLE_FAMILY,6502 Dogwood Rd,Baltimore,21207,MD,USA,6502 Dogwood Rd Baltimore 21207 MD USA ,39.3184302,-76.7333929,B4,B
https://www.zillow.com/homedetails/4404-Wakefield-Rd-Baltimore-MD-21216/36628405_zpid/,230729,190000,3,4,2054,SINGLE_FAMILY,4404 Wakefield Rd,Baltimore,21216,MD,USA,4404 Wakefield Rd Baltimore 21216 MD USA ,39.3202136,-76.69056,B4,B
https://www.zillow.com/homedetails/1930-Summit-Ave-Baltimore-MD-21207/36326040_zpid/,189001,189000,2,3,1008,SINGLE_FAMILY,1930 Summit Ave,Baltimore,21207,MD,USA,1930 Summit Ave Baltimore 21207 MD USA ,39.3206623,-76.7343511,B4,B
https://www.zillow.com/homedetails/3502-Powhatan-Ave-Baltimore-MD-21216/131267346_zpid/,253769,185000,3,6,2633,SINGLE_FAMILY,3502 Powhatan Ave,Baltimore,21216,MD,USA,3502 Powhatan Ave Baltimore 21216 MD USA ,39.3216668,-76.676896,B4,B
https://www.zillow.com/homedetails/3103-Wolcott-Ave-Baltimore-MD-21216/36489476_zpid/,449000,449000,5,6,4480,SINGLE_FAMILY,3103 Wolcott Ave,Baltimore,21216,MD,USA,3103 Wolcott Ave Baltimore 21216 MD USA ,39.3228616,-76.6841998,B4,B
https://www.zillow.com/homedetails/3710-Egerton-Rd-Baltimore-MD-21215/131264596_zpid/,,325000,4,6,3602,SINGLE_FAMILY,3710 Egerton Rd,Baltimore,21215,MD,USA,3710 Egerton Rd Baltimore 21215 MD USA ,39.3280566,-76.6802301,B4,B
https://www.zillow.com/homedetails/3702-Cedardale-Rd-Baltimore-MD-21215/36497456_zpid/,,100000,3,6,1704,SINGLE_FAMILY,3702 Cedardale Rd,Baltimore,21215,MD,USA,3702 Cedardale Rd Baltimore 21215 MD USA ,39.3295379,-76.6737791,B4,B
https://www.zillow.com/homedetails/4017-Chatham-Baltimore-MD-21207/36496419_zpid/,,365000,4,4,1680,SINGLE_FAMILY,4017 Chatham,Baltimore,21207,MD,USA,4017 Chatham Baltimore 21207 MD USA ,39.3301764,-76.6866038,B4,B
https://www.zillow.com/homedetails/3410-Woodbine-Ave-Baltimore-MD-21207/36626190_zpid/,218713,179900,3,5,1391,SINGLE_FAMILY,3410 Woodbine Ave,Baltimore,21207,MD,USA,3410 Woodbine Ave Baltimore 21207 MD USA ,39.3302732,-76.6972807,B4,B
https://www.zillow.com/homedetails/5604-Wayne-Ave-Baltimore-MD-21207/36626442_zpid/,289867,290000,4,6,1206,SINGLE_FAMILY,5604 Wayne Ave,Baltimore,21207,MD,USA,5604 Wayne Ave Baltimore 21207 MD USA ,39.3314836,-76.710132,B4,B
https://www.zillow.com/homedetails/3836-Sequoia-Ave-Baltimore-MD-21215/36497069_zpid/,,129900,1,3,1512,SINGLE_FAMILY,3836 Sequoia Ave,Baltimore,21215,MD,USA,3836 Sequoia Ave Baltimore 21215 MD USA ,39.3324823,-76.6819894,B4,B
https://www.zillow.com/homedetails/3716-Mohawk-Ave-Baltimore-MD-21207/36625102_zpid/,239000,239000,3,5,2812,SINGLE_FAMILY,3716 Mohawk Ave,Baltimore,21207,MD,USA,3716 Mohawk Ave Baltimore 21207 MD USA ,39.3338411,-76.6916425,B4,B
https://www.zillow.com/homedetails/5311-Chandler-Ave-Baltimore-MD-21207/36625725_zpid/,213709,354900,4,5,2450,SINGLE_FAMILY,5311 Chandler Ave,Baltimore,21207,MD,USA,5311 Chandler Ave Baltimore 21207 MD USA ,39.3348995,-76.7038658,B4,B
https://www.zillow.com/homedetails/5104-Belle-Ave-Baltimore-MD-21207/36625378_zpid/,,279900,3,4,1768,SINGLE_FAMILY,5104 Belle Ave,Baltimore,21207,MD,USA,5104 Belle Ave Baltimore 21207 MD USA ,39.3374906,-76.6997391,B4,B
https://www.zillow.com/homedetails/4113-Belvieu-Ave-Baltimore-MD-21215/36488727_zpid/,,50000,4,4,2819,SINGLE_FAMILY,4113 Belvieu Ave,Baltimore,21215,MD,USA,4113 Belvieu Ave Baltimore 21215 MD USA ,39.339521,-76.6885978,B4,B
https://www.zillow.com/homedetails/3303-Bloomingdale-Rd-Baltimore-MD-21216/2075077247_zpid/,,180000,6,10,5340,SINGLE_FAMILY,3303 Bloomingdale Rd,Baltimore,21216,MD,USA,3303 Bloomingdale Rd Baltimore 21216 MD USA ,39.3105843,-76.6728881,B5,B
https://www.zillow.com/homedetails/702-E-33rd-St-Baltimore-MD-21218/36458455_zpid/,229902,229900,3,4,2170,SINGLE_FAMILY,702 E 33rd St,Baltimore,21218,MD,USA,702 E 33rd St Baltimore 21218 MD USA ,39.3286808,-76.6061626,B8,B
https://www.zillow.com/homedetails/807-Dumbarton-Ave-Baltimore-MD-21218/36457808_zpid/,123900,123900,2,2,840,SINGLE_FAMILY,807 Dumbarton Ave,Baltimore,21218,MD,USA,807 Dumbarton Ave Baltimore 21218 MD USA ,39.3380317,-76.6038689,B8,B
https://www.zillow.com/homedetails/4000-Wilsby-Ave-Baltimore-MD-21218/36457665_zpid/,143883,140000,3,5,1428,SINGLE_FAMILY,4000 Wilsby Ave,Baltimore,21218,MD,USA,4000 Wilsby Ave Baltimore 21218 MD USA ,39.3382592,-76.6047943,B8,B
https://www.zillow.com/homedetails/425-Winston-Ave-Baltimore-MD-21212/36620839_zpid/,,405000,3,5,2614,SINGLE_FAMILY,425 Winston Ave,Baltimore,21212,MD,USA,425 Winston Ave Baltimore 21212 MD USA ,39.349669,-76.6110569,B8,B
https://www.zillow.com/homedetails/5108-Saint-Georges-Ave-Baltimore-MD-21212/36613840_zpid/,149578,150000,2,3,1144,SINGLE_FAMILY,5108 Saint Georges Ave,Baltimore,21212,MD,USA,5108 Saint Georges Ave Baltimore 21212 MD USA ,39.3500533,-76.6020747,B8,B
https://www.zillow.com/homedetails/6002-Prescott-Ave-Baltimore-MD-21212/36621199_zpid/,276937,269900,4,3,1603,SINGLE_FAMILY,6002 Prescott Ave,Baltimore,21212,MD,USA,6002 Prescott Ave Baltimore 21212 MD USA ,39.3659885,-76.612772,B8,B
https://www.zillow.com/homedetails/908-Dartmouth-Rd-Baltimore-MD-21212/36616457_zpid/,194501,194500,3,4,1480,SINGLE_FAMILY,908 Dartmouth Rd,Baltimore,21212,MD,USA,908 Dartmouth Rd Baltimore 21212 MD USA ,39.3662823,-76.6032004,B8,B
https://www.zillow.com/homedetails/605-Cedarcroft-Rd-Baltimore-MD-21212/36615842_zpid/,210000,210000,2,3,1554,SINGLE_FAMILY,605 Cedarcroft Rd,Baltimore,21212,MD,USA,605 Cedarcroft Rd Baltimore 21212 MD USA ,39.3677171,-76.6078071,B8,B
https://www.zillow.com/homedetails/6303-Mayflower-Rd-Baltimore-MD-21212/36616145_zpid/,333419,385000,3,3,1054,SINGLE_FAMILY,6303 Mayflower Rd,Baltimore,21212,MD,USA,6303 Mayflower Rd Baltimore 21212 MD USA ,39.3698349,-76.6068593,B8,B
https://www.zillow.com/homedetails/830-Cedarcroft-Rd-Baltimore-MD-21212/36616208_zpid/,274902,272500,2,3,1425,SINGLE_FAMILY,830 Cedarcroft Rd,Baltimore,21212,MD,USA,830 Cedarcroft Rd Baltimore 21212 MD USA ,39.3701448,-76.6031242,B8,B
https://www.zillow.com/homedetails/437-Schwartz-Ave-Baltimore-MD-21212/36621520_zpid/,,299000,3,6,2688,SINGLE_FAMILY,437 Schwartz Ave,Baltimore,21212,MD,USA,437 Schwartz Ave Baltimore 21212 MD USA ,39.3722314,-76.6120499,B8,B
https://www.zillow.com/homedetails/722-Anneslie-Rd-Baltimore-MD-21212/36404618_zpid/,537503,529900,3,3,1680,SINGLE_FAMILY,722 Anneslie Rd,Baltimore,21212,MD,USA,722 Anneslie Rd Baltimore 21212 MD USA ,39.3747663,-76.5996824,B9,B
https://www.zillow.com/homedetails/617-Regester-Ave-Baltimore-MD-21212/36409333_zpid/,458381,449900,3,4,2222,SINGLE_FAMILY,617 Regester Ave,Baltimore,21212,MD,USA,617 Regester Ave Baltimore 21212 MD USA ,39.3774859,-76.6032847,B9,B
https://www.zillow.com/homedetails/601-Regester-Ave-Baltimore-MD-21212/36408268_zpid/,505633,475000,2,3,1624,SINGLE_FAMILY,601 Regester Ave,Baltimore,21212,MD,USA,601 Regester Ave Baltimore 21212 MD USA ,39.3776476,-76.6046928,B9,B
https://www.zillow.com/homedetails/434-S-Robinson-St-Baltimore-MD-21224/36434123_zpid/,348000,348000,2,3,1590,SINGLE_FAMILY,434 S Robinson St,Baltimore,21224,MD,USA,434 S Robinson St Baltimore 21224 MD USA ,39.2867062,-76.5724493,C1,C
https://www.zillow.com/homedetails/203-N-Port-St-Baltimore-MD-21224/36439093_zpid/,192509,194000,2,3,1000,SINGLE_FAMILY,203 N Port St,Baltimore,21224,MD,USA,203 N Port St Baltimore 21224 MD USA ,39.2947501,-76.5825746,C1,C
https://www.zillow.com/homedetails/403-N-Kenwood-Ave-Baltimore-MD-21224/36438009_zpid/,229999,230000,3,3,1260,SINGLE_FAMILY,403 N Kenwood Ave,Baltimore,21224,MD,USA,403 N Kenwood Ave Baltimore 21224 MD USA ,39.2959613,-76.5776639,C1,C
https://www.zillow.com/homedetails/811-N-Luzerne-Ave-Baltimore-MD-21205/36446356_zpid/,164900,164900,2,3,1645,SINGLE_FAMILY,811 N Luzerne Ave,Baltimore,21205,MD,USA,811 N Luzerne Ave Baltimore 21205 MD USA ,39.300269,-76.580713,C1,C
https://www.zillow.com/homedetails/1313-Regester-Ave-Idlewylde-MD-21239/36409585_zpid/,371555,369900,3,4,1697,SINGLE_FAMILY,1313 Regester Ave,Idlewylde,21239,MD,USA,1313 Regester Ave Idlewylde 21239 MD USA ,39.3739889,-76.5857636,C10,C
https://www.zillow.com/homedetails/1701-Harman-Ave-Baltimore-MD-21230/2078160431_zpid/,143299,145000,2,2,984,SINGLE_FAMILY,1701 Harman Ave,Baltimore,21230,MD,USA,1701 Harman Ave Baltimore 21230 MD USA ,39.2683314,-76.6537394,C11,C
https://www.zillow.com/homedetails/1601-Sexton-St-Baltimore-MD-21230/36546711_zpid/,,40000,1,3,1470,SINGLE_FAMILY,1601 Sexton St,Baltimore,21230,MD,USA,1601 Sexton St Baltimore 21230 MD USA ,39.2699946,-76.6541648,C11,C
https://www.zillow.com/homedetails/118-Franklin-Ave-Baltimore-MD-21225/60916857_zpid/,179901,169900,1,3,858,SINGLE_FAMILY,118 Franklin Ave,Baltimore,21225,MD,USA,118 Franklin Ave Baltimore 21225 MD USA ,39.2282209,-76.6113728,C12,C
https://www.zillow.com/homedetails/4725-Pennington-Ave-Baltimore-MD-21226/36553467_zpid/,,45000,1,3,896,SINGLE_FAMILY,4725 Pennington Ave,Baltimore,21226,MD,USA,4725 Pennington Ave Baltimore 21226 MD USA ,39.2232127,-76.5880247,C12,C
https://www.zillow.com/homedetails/1400-Filbert-St-Baltimore-MD-21226/36553572_zpid/,124997,125000,3,5,1470,SINGLE_FAMILY,1400 Filbert St,Baltimore,21226,MD,USA,1400 Filbert St Baltimore 21226 MD USA ,39.2252892,-76.5913765,C12,C
https://www.zillow.com/homedetails/112-Audrey-Ave-Baltimore-MD-21225/36117555_zpid/,230175,232500,1,3,1130,SINGLE_FAMILY,112 Audrey Ave,Baltimore,21225,MD,USA,112 Audrey Ave Baltimore 21225 MD USA ,39.2275127,-76.6121401,C12,C
https://www.zillow.com/homedetails/210-Franklin-Ave-Baltimore-MD-21225/36117735_zpid/,227120,269000,2,5,1674,SINGLE_FAMILY,210 Franklin Ave,Baltimore,21225,MD,USA,210 Franklin Ave Baltimore 21225 MD USA ,39.2285667,-76.6103294,C12,C
https://www.zillow.com/homedetails/4143-Audrey-Ave-Baltimore-MD-21225/36552969_zpid/,114999,115000,2,2,1656,SINGLE_FAMILY,4143 Audrey Ave,Baltimore,21225,MD,USA,4143 Audrey Ave Baltimore 21225 MD USA ,39.2296016,-76.6045676,C12,C
https://www.zillow.com/homedetails/3903-5th-St-Baltimore-MD-21225/36552469_zpid/,205819,244900,2,3,1800,SINGLE_FAMILY,3903 5th St,Baltimore,21225,MD,USA,3903 5th St Baltimore 21225 MD USA ,39.233338,-76.6053246,C12,C
https://www.zillow.com/homedetails/311-Arundel-Rd-W-Brooklyn-MD-21225/2076573122_zpid/,125000,125000,1,3,992,SINGLE_FAMILY,311 Arundel Rd W,Brooklyn,21225,MD,USA,311 Arundel Rd W Brooklyn 21225 MD USA ,39.23345,-76.617544,C12,C
https://www.zillow.com/homedetails/3707-2nd-St-Baltimore-MD-21225/36551663_zpid/,76181,85000,2,3,1344,SINGLE_FAMILY,3707 2nd St,Baltimore,21225,MD,USA,3707 2nd St Baltimore 21225 MD USA ,39.2368618,-76.6089468,C12,C
https://www.zillow.com/homedetails/1427-Locust-St-Baltimore-MD-21226/36554128_zpid/,80304,82500,2,3,1240,SINGLE_FAMILY,1427 Locust St,Baltimore,21226,MD,USA,1427 Locust St Baltimore 21226 MD USA ,39.226507,-76.590566,C12,C
https://www.zillow.com/homedetails/4-12th-Ave-Baltimore-MD-21225/36119092_zpid/,335000,335000,3,3,1886,SINGLE_FAMILY,4 12th Ave,Baltimore,21225,MD,USA,4 12th Ave Baltimore 21225 MD USA ,39.223441,-76.6146739,C12,C
https://www.zillow.com/homedetails/3650-Elm-Ave-Baltimore-MD-21211/36478319_zpid/,352216,265000,2,3,1575,SINGLE_FAMILY,3650 Elm Ave,Baltimore,21211,MD,USA,3650 Elm Ave Baltimore 21211 MD USA ,39.3326065,-76.631603,C13,C
https://www.zillow.com/homedetails/1040-Deer-Ridge-Dr-UNIT-518-Baltimore-MD-21210/36592923_zpid/,157064,159000,3,2,1879,SINGLE_FAMILY,1040 Deer Ridge Dr UNIT 518,Baltimore,21210,MD,USA,1040 Deer Ridge Dr UNIT 518 Baltimore 21210 MD USA ,39.343967,-76.639124,C13,C
https://www.zillow.com/homedetails/3210-Strickland-St-Baltimore-MD-21229/36523842_zpid/,,25000,1,2,1344,SINGLE_FAMILY,3210 Strickland St,Baltimore,21229,MD,USA,3210 Strickland St Baltimore 21229 MD USA ,39.2777278,-76.6702083,C14,C
https://www.zillow.com/homedetails/413-S-Wickham-Rd-Baltimore-MD-21229/36544533_zpid/,237105,278000,2,3,1980,SINGLE_FAMILY,413 S Wickham Rd,Baltimore,21229,MD,USA,413 S Wickham Rd Baltimore 21229 MD USA ,39.2789357,-76.69569,C14,C
https://www.zillow.com/homedetails/3218-Frederick-Ave-Baltimore-MD-21229/36531609_zpid/,,20000,1,3,1600,SINGLE_FAMILY,3218 Frederick Ave,Baltimore,21229,MD,USA,3218 Frederick Ave Baltimore 21229 MD USA ,39.2808605,-76.6707565,C14,C
https://www.zillow.com/homedetails/202-S-Augusta-Ave-Baltimore-MD-21229/36523398_zpid/,,133100,3,5,2627,SINGLE_FAMILY,202 S Augusta Ave,Baltimore,21229,MD,USA,202 S Augusta Ave Baltimore 21229 MD USA ,39.2831525,-76.6850117,C14,C
https://www.zillow.com/homedetails/3904-Old-Frederick-Rd-Baltimore-MD-21229/36530016_zpid/,100000,100000,2,3,1260,SINGLE_FAMILY,3904 Old Frederick Rd,Baltimore,21229,MD,USA,3904 Old Frederick Rd Baltimore 21229 MD USA ,39.2843294,-76.6809857,C14,C
https://www.zillow.com/homedetails/9-S-Abington-Ave-Baltimore-MD-21229/36531393_zpid/,106994,107000,2,3,1600,SINGLE_FAMILY,9 S Abington Ave,Baltimore,21229,MD,USA,9 S Abington Ave Baltimore 21229 MD USA ,39.2855079,-76.6708806,C14,C
https://www.zillow.com/homedetails/2-N-Abington-Ave-Baltimore-MD-21229/36531310_zpid/,,110000,2,2,930,SINGLE_FAMILY,2 N Abington Ave,Baltimore,21229,MD,USA,2 N Abington Ave Baltimore 21229 MD USA ,39.2859899,-76.6713265,C14,C
https://www.zillow.com/homedetails/116-Franklin-Ave-Catonsville-MD-21228/36117559_zpid/,179901,169900,1,3,858,SINGLE_FAMILY,116 Franklin Ave,Catonsville,21228,MD,USA,116 Franklin Ave Catonsville 21228 MD USA ,39.3016667,-76.7205863,C15,C
https://www.zillow.com/homedetails/1254-Greystone-Rd-Baltimore-MD-21227/36264143_zpid/,331038,300000,3,3,1233,SINGLE_FAMILY,1254 Greystone Rd,Baltimore,21227,MD,USA,1254 Greystone Rd Baltimore 21227 MD USA ,39.2548091,-76.6927095,C17,C
https://www.zillow.com/homedetails/1247-Greystone-Rd-Baltimore-MD-21227/36256871_zpid/,284725,315000,3,3,2042,SINGLE_FAMILY,1247 Greystone Rd,Baltimore,21227,MD,USA,1247 Greystone Rd Baltimore 21227 MD USA ,39.2550576,-76.6943481,C17,C
https://www.zillow.com/homedetails/200-2nd-Ave-Baltimore-MD-21227/36257854_zpid/,242068,240000,1,3,1222,SINGLE_FAMILY,200 2nd Ave,Baltimore,21227,MD,USA,200 2nd Ave Baltimore 21227 MD USA ,39.244029,-76.660729,C19,C
https://www.zillow.com/homedetails/1829-Portship-Rd-Baltimore-MD-21222/36249199_zpid/,229001,229000,2,3,1632,SINGLE_FAMILY,1829 Portship Rd,Baltimore,21222,MD,USA,1829 Portship Rd Baltimore 21222 MD USA ,39.2708288,-76.5227424,C2,C
https://www.zillow.com/homedetails/1800-Tolson-Ave-Baltimore-MD-21222/36240188_zpid/,229975,229900,2,3,1800,SINGLE_FAMILY,1800 Tolson Ave,Baltimore,21222,MD,USA,1800 Tolson Ave Baltimore 21222 MD USA ,39.2752218,-76.5285122,C2,C
https://www.zillow.com/homedetails/2906-New-York-Ave-Baltimore-MD-21227/36264021_zpid/,342625,329000,3,4,1898,SINGLE_FAMILY,2906 New York Ave,Baltimore,21227,MD,USA,2906 New York Ave Baltimore 21227 MD USA ,39.232597,-76.6393945,C20,C
https://www.zillow.com/homedetails/2915-Virginia-Ave-Baltimore-MD-21227/36260907_zpid/,320229,309900,2,3,1271,SINGLE_FAMILY,2915 Virginia Ave,Baltimore,21227,MD,USA,2915 Virginia Ave Baltimore 21227 MD USA ,39.233674,-76.6379976,C20,C
https://www.zillow.com/homedetails/3014-Illinois-Ave-Baltimore-MD-21227/36263395_zpid/,329539,166300,4,5,2982,SINGLE_FAMILY,3014 Illinois Ave,Baltimore,21227,MD,USA,3014 Illinois Ave Baltimore 21227 MD USA ,39.2342365,-76.6353285,C20,C
https://www.zillow.com/homedetails/2807-Alabama-Ave-Halethorpe-MD-21227/36259823_zpid/,330062,329999,3,3,2000,SINGLE_FAMILY,2807 Alabama Ave,Halethorpe,21227,MD,USA,2807 Alabama Ave Halethorpe 21227 MD USA ,39.240567,-76.640575,C20,C
https://www.zillow.com/homedetails/2810-Tennessee-Ave-Baltimore-MD-21227/36259629_zpid/,309896,299900,2,3,880,SINGLE_FAMILY,2810 Tennessee Ave,Baltimore,21227,MD,USA,2810 Tennessee Ave Baltimore 21227 MD USA ,39.2416375,-76.6399306,C20,C
https://www.zillow.com/homedetails/3-Mountain-Rd-Linthicum-Heights-MD-21090/2075354116_zpid/,350001,375000,4,5,1512,SINGLE_FAMILY,3 Mountain Rd,Linthicum Heights,21090,MD,USA,3 Mountain Rd Linthicum Heights 21090 MD USA ,39.2152464,-76.646541,C21,C
https://www.zillow.com/homedetails/307-Linda-Ave-Linthicum-MD-21090/36119654_zpid/,325001,325000,3,4,1402,SINGLE_FAMILY,307 Linda Ave,Linthicum,21090,MD,USA,307 Linda Ave Linthicum 21090 MD USA ,39.2170791,-76.6531496,C21,C
https://www.zillow.com/homedetails/208-Elizabeth-Ave-Brooklyn-MD-21225/36129989_zpid/,,140000,1,2,1366,SINGLE_FAMILY,208 Elizabeth Ave,Brooklyn,21225,MD,USA,208 Elizabeth Ave Brooklyn 21225 MD USA ,39.2174416,-76.6379997,C21,C
https://www.zillow.com/homedetails/36-Colonial-Dr-Linthicum-MD-21090/36119800_zpid/,273788,219900,2,3,1402,SINGLE_FAMILY,36 Colonial Dr,Linthicum,21090,MD,USA,36 Colonial Dr Linthicum 21090 MD USA ,39.219333,-76.6511756,C21,C
https://www.zillow.com/homedetails/312-Shenandoah-Ave-Baltimore-MD-21225/36125832_zpid/,317966,343100,3,5,2700,SINGLE_FAMILY,312 Shenandoah Ave,Baltimore,21225,MD,USA,312 Shenandoah Ave Baltimore 21225 MD USA ,39.2210246,-76.641023,C21,C
https://www.zillow.com/homedetails/224-Elizabeth-Ave-Baltimore-MD-21225/36130108_zpid/,200682,199900,1,2,1125,SINGLE_FAMILY,224 Elizabeth Ave,Baltimore,21225,MD,USA,224 Elizabeth Ave Baltimore 21225 MD USA ,39.2171771,-76.6388119,C21,C
https://www.zillow.com/homedetails/115-Maple-Ave-Glen-Burnie-MD-21061/36125536_zpid/,360031,359999,3,3,1754,SINGLE_FAMILY,115 Maple Ave,Glen Burnie,21061,MD,USA,115 Maple Ave Glen Burnie 21061 MD USA ,39.189088,-76.6477464,C22,C
https://www.zillow.com/homedetails/209-Oakleigh-Ave-Glen-Burnie-MD-21061/36122708_zpid/,369002,349900,3,3,1693,SINGLE_FAMILY,209 Oakleigh Ave,Glen Burnie,21061,MD,USA,209 Oakleigh Ave Glen Burnie 21061 MD USA ,39.183661,-76.6364,C22,C
https://www.zillow.com/homedetails/8-Oakleigh-Ave-Glen-Burnie-MD-21061/36122865_zpid/,295178,289900,2,4,1662,SINGLE_FAMILY,8 Oakleigh Ave,Glen Burnie,21061,MD,USA,8 Oakleigh Ave Glen Burnie 21061 MD USA ,39.184024,-76.638978,C22,C
https://www.zillow.com/homedetails/3-Woods-Ave-Glen-Burnie-MD-21061/36122593_zpid/,,335000,2,3,1920,SINGLE_FAMILY,3 Woods Ave,Glen Burnie,21061,MD,USA,3 Woods Ave Glen Burnie 21061 MD USA ,39.1843387,-76.6335706,C22,C
https://www.zillow.com/homedetails/2-Birch-Ave-Glen-Burnie-MD-21061/36133929_zpid/,304901,304900,2,4,1170,SINGLE_FAMILY,2 Birch Ave,Glen Burnie,21061,MD,USA,2 Birch Ave Glen Burnie 21061 MD USA ,39.194489,-76.642545,C22,C
https://www.zillow.com/homedetails/1422-N-Decker-Ave-Baltimore-MD-21213/36453063_zpid/,88864,89000,2,4,1420,SINGLE_FAMILY,1422 N Decker Ave,Baltimore,21213,MD,USA,1422 N Decker Ave Baltimore 21213 MD USA ,39.3079139,-76.575072,C3,C
https://www.zillow.com/homedetails/2604-E-Oliver-St-Baltimore-MD-21213/36452483_zpid/,177755,179000,3,3,1500,SINGLE_FAMILY,2604 E Oliver St,Baltimore,21213,MD,USA,2604 E Oliver St Baltimore 21213 MD USA ,39.3081636,-76.5811853,C3,C
https://www.zillow.com/homedetails/2331-Barclay-St-Baltimore-MD-21218/36474552_zpid/,229901,229900,2,1,2800,SINGLE_FAMILY,2331 Barclay St,Baltimore,21218,MD,USA,2331 Barclay St Baltimore 21218 MD USA ,39.3161668,-76.6110005,C4,C
https://www.zillow.com/homedetails/425-E-Lorraine-Ave-Baltimore-MD-21218/2076548467_zpid/,125000,125000,2,4,1344,SINGLE_FAMILY,425 E Lorraine Ave,Baltimore,21218,MD,USA,425 E Lorraine Ave Baltimore 21218 MD USA ,39.3199019,-76.6104141,C4,C
https://www.zillow.com/homedetails/3024-N-Calvert-St-APT-B6-Baltimore-MD-21218/2077512439_zpid/,156075,158800,1,3,900,SINGLE_FAMILY,3024 N Calvert St APT B6,Baltimore,21218,MD,USA,3024 N Calvert St APT B6 Baltimore 21218 MD USA ,39.3253803,-76.614961,C4,C
https://www.zillow.com/homedetails/2337-Mcculloh-St-Baltimore-MD-21217/36482548_zpid/,,139000,2,4,1242,SINGLE_FAMILY,2337 Mcculloh St,Baltimore,21217,MD,USA,2337 Mcculloh St Baltimore 21217 MD USA ,39.3115152,-76.6378981,C5,C
https://www.zillow.com/homedetails/2647-Edmondson-Ave-Baltimore-MD-21223/36522074_zpid/,44163,139900,2,3,1464,SINGLE_FAMILY,2647 Edmondson Ave,Baltimore,21223,MD,USA,2647 Edmondson Ave Baltimore 21223 MD USA ,39.2943283,-76.660707,C6,C
https://www.zillow.com/homedetails/2558-Edmondson-Ave-Baltimore-MD-21223/36508468_zpid/,55173,55000,1,3,1230,SINGLE_FAMILY,2558 Edmondson Ave,Baltimore,21223,MD,USA,2558 Edmondson Ave Baltimore 21223 MD USA ,39.2949119,-76.658317,C6,C
https://www.zillow.com/homedetails/2331-Calverton-Heights-Ave-Baltimore-MD-21216/36515253_zpid/,62192,50000,1,3,1314,SINGLE_FAMILY,2331 Calverton Heights Ave,Baltimore,21216,MD,USA,2331 Calverton Heights Ave Baltimore 21216 MD USA ,39.2975211,-76.6547309,C6,C
https://www.zillow.com/homedetails/1089-Ellicott-Driveway-Baltimore-MD-21216/2075118313_zpid/,,45000,2,3,1350,SINGLE_FAMILY,1089 Ellicott Driveway,Baltimore,21216,MD,USA,1089 Ellicott Driveway Baltimore 21216 MD USA ,39.300622,-76.6685798,C6,C
https://www.zillow.com/homedetails/1105-N-Dukeland-St-Baltimore-MD-21216/2124595416_zpid/,,90000,2,3,1260,SINGLE_FAMILY,1105 N Dukeland St,Baltimore,21216,MD,USA,1105 N Dukeland St Baltimore 21216 MD USA ,39.3008801,-76.6632561,C6,C
https://www.zillow.com/homedetails/1405-Poplar-Grove-St-Baltimore-MD-21216/36513579_zpid/,,109900,2,4,1600,SINGLE_FAMILY,1405 Poplar Grove St,Baltimore,21216,MD,USA,1405 Poplar Grove St Baltimore 21216 MD USA ,39.3037549,-76.6651961,C6,C
https://www.zillow.com/homedetails/419-Calvin-Ave-Baltimore-MD-21218/36477227_zpid/,94999,94999,1,3,1544,SINGLE_FAMILY,419 Calvin Ave,Baltimore,21218,MD,USA,419 Calvin Ave Baltimore 21218 MD USA ,39.3300272,-76.6101655,C9,C
https://www.zillow.com/homedetails/4313-York-Rd-Baltimore-MD-21212/36611704_zpid/,145000,145000,1,3,1818,SINGLE_FAMILY,4313 York Rd,Baltimore,21212,MD,USA,4313 York Rd Baltimore 21212 MD USA ,39.3413366,-76.6093305,C9,C
https://www.zillow.com/homedetails/505-Beaumont-Ave-Baltimore-MD-21212/36613687_zpid/,224500,224500,3,4,2035,SINGLE_FAMILY,505 Beaumont Ave,Baltimore,21212,MD,USA,505 Beaumont Ave Baltimore 21212 MD USA ,39.3514551,-76.6085406,C9,C
https://www.zillow.com/homedetails/1818-Gough-St-Baltimore-MD-21231/36434599_zpid/,375001,375000,4,3,1994,SINGLE_FAMILY,1818 Gough St,Baltimore,21231,MD,USA,1818 Gough St Baltimore 21231 MD USA ,39.2879016,-76.5909989,D1,D
https://www.zillow.com/homedetails/2246-Fleet-St-Baltimore-MD-21231/36429206_zpid/,786721,799900,2,3,2250,SINGLE_FAMILY,2246 Fleet St,Baltimore,21231,MD,USA,2246 Fleet St Baltimore 21231 MD USA ,39.2851085,-76.5844245,D1,D
https://www.zillow.com/homedetails/1752-Bank-St-Baltimore-MD-21231/36435010_zpid/,492220,499995,5,4,2810,SINGLE_FAMILY,1752 Bank St,Baltimore,21231,MD,USA,1752 Bank St Baltimore 21231 MD USA ,39.2868191,-76.5918166,D1,D
https://www.zillow.com/homedetails/2002-Bank-St-Baltimore-MD-21231/36436388_zpid/,275000,269995,2,4,1176,SINGLE_FAMILY,2002 Bank St,Baltimore,21231,MD,USA,2002 Bank St Baltimore 21231 MD USA ,39.2869705,-76.5886793,D1,D
https://www.zillow.com/homedetails/253-S-Durham-St-Baltimore-MD-21231/36434669_zpid/,162500,162500,1,2,1120,SINGLE_FAMILY,253 S Durham St,Baltimore,21231,MD,USA,253 S Durham St Baltimore 21231 MD USA ,39.2881121,-76.5907784,D1,D
https://www.zillow.com/homedetails/240-S-Washington-St-Baltimore-MD-21231/36436555_zpid/,310000,310000,3,4,1920,SINGLE_FAMILY,240 S Washington St,Baltimore,21231,MD,USA,240 S Washington St Baltimore 21231 MD USA ,39.2881305,-76.5891025,D1,D
https://www.zillow.com/homedetails/1812-E-Pratt-St-Baltimore-MD-21231/36434488_zpid/,288035,345000,3,3,2000,SINGLE_FAMILY,1812 E Pratt St,Baltimore,21231,MD,USA,1812 E Pratt St Baltimore 21231 MD USA ,39.2894915,-76.5912243,D1,D
https://www.zillow.com/homedetails/111-S-Washington-St-Baltimore-MD-21231/36434376_zpid/,248001,229000,2,3,2220,SINGLE_FAMILY,111 S Washington St,Baltimore,21231,MD,USA,111 S Washington St Baltimore 21231 MD USA ,39.2899917,-76.5887921,D1,D
https://www.zillow.com/homedetails/121-S-Castle-St-Baltimore-MD-21231/36434457_zpid/,190000,190000,2,2,1594,SINGLE_FAMILY,121 S Castle St,Baltimore,21231,MD,USA,121 S Castle St Baltimore 21231 MD USA ,39.2900103,-76.587976,D1,D
https://www.zillow.com/homedetails/107-S-Washington-St-Baltimore-MD-21231/2077866232_zpid/,524054,528900,5,4,2549,SINGLE_FAMILY,107 S Washington St,Baltimore,21231,MD,USA,107 S Washington St Baltimore 21231 MD USA ,39.2901063,-76.5888606,D1,D
https://www.zillow.com/homedetails/27-S-Bethel-St-Baltimore-MD-21231/241969635_zpid/,439192,439190,4,3,2311,SINGLE_FAMILY,27 S Bethel St,Baltimore,21231,MD,USA,27 S Bethel St Baltimore 21231 MD USA ,39.2905464,-76.5947396,D1,D
https://www.zillow.com/homedetails/25-S-Bethel-St-Baltimore-MD-21231/241969634_zpid/,416342,416340,4,3,2311,SINGLE_FAMILY,25 S Bethel St,Baltimore,21231,MD,USA,25 S Bethel St Baltimore 21231 MD USA ,39.2905983,-76.5947428,D1,D
https://www.zillow.com/homedetails/2003-E-Fairmount-Ave-Baltimore-MD-21231/36439789_zpid/,643733,649000,4,4,2730,SINGLE_FAMILY,2003 E Fairmount Ave,Baltimore,21231,MD,USA,2003 E Fairmount Ave Baltimore 21231 MD USA ,39.2926607,-76.5890448,D1,D
https://www.zillow.com/homedetails/2118-Orleans-St-Baltimore-MD-21231/90009643_zpid/,299901,299900,4,3,2310,SINGLE_FAMILY,2118 Orleans St,Baltimore,21231,MD,USA,2118 Orleans St Baltimore 21231 MD USA ,39.295627,-76.587001,D1,D
https://www.zillow.com/homedetails/26-Iron-Aly-Baltimore-MD-21213/2076948288_zpid/,399901,399900,4,3,2311,SINGLE_FAMILY,26 Iron Aly,Baltimore,21213,MD,USA,26 Iron Aly Baltimore 21213 MD USA ,39.3048096,-76.5952257,D1,D
https://www.zillow.com/homedetails/1630-N-Bond-St-Baltimore-MD-21213/2075647476_zpid/,,65000,1,3,700,SINGLE_FAMILY,1630 N Bond St,Baltimore,21213,MD,USA,1630 N Bond St Baltimore 21213 MD USA ,39.3091617,-76.597053,D1,D
https://www.zillow.com/homedetails/1123-S-Decker-Ave-Baltimore-MD-21224/36431274_zpid/,703934,725000,4,3,2300,SINGLE_FAMILY,1123 S Decker Ave,Baltimore,21224,MD,USA,1123 S Decker Ave Baltimore 21224 MD USA ,39.2796056,-76.5730588,D2,D
https://www.zillow.com/homedetails/1114-S-Highland-Ave-Baltimore-MD-21224/36558756_zpid/,249500,249500,2,2,1236,SINGLE_FAMILY,1114 S Highland Ave,Baltimore,21224,MD,USA,1114 S Highland Ave Baltimore 21224 MD USA ,39.2798511,-76.56886,D2,D
https://www.zillow.com/homedetails/910-S-Kenwood-Ave-Baltimore-MD-21224/36430826_zpid/,368999,369000,2,3,1692,SINGLE_FAMILY,910 S Kenwood Ave,Baltimore,21224,MD,USA,910 S Kenwood Ave Baltimore 21224 MD USA ,39.2818524,-76.5771463,D2,D
https://www.zillow.com/homedetails/917-S-Bouldin-St-Baltimore-MD-21224/36558499_zpid/,,440000,3,3,1826,SINGLE_FAMILY,917 S Bouldin St,Baltimore,21224,MD,USA,917 S Bouldin St Baltimore 21224 MD USA ,39.2820101,-76.5702822,D2,D
https://www.zillow.com/homedetails/838-S-Kenwood-Ave-Baltimore-MD-21224/36430737_zpid/,178901,178900,2,2,726,SINGLE_FAMILY,838 S Kenwood Ave,Baltimore,21224,MD,USA,838 S Kenwood Ave Baltimore 21224 MD USA ,39.2823627,-76.5772124,D2,D
https://www.zillow.com/homedetails/806-S-Glover-St-Baltimore-MD-21224/36430701_zpid/,314902,314900,2,3,1286,SINGLE_FAMILY,806 S Glover St,Baltimore,21224,MD,USA,806 S Glover St Baltimore 21224 MD USA ,39.2826566,-76.579299,D2,D
https://www.zillow.com/homedetails/3204-Hudson-St-Baltimore-MD-21224/36558914_zpid/,478716,485000,4,3,2400,SINGLE_FAMILY,3204 Hudson St,Baltimore,21224,MD,USA,3204 Hudson St Baltimore 21224 MD USA ,39.282625,-76.571007,D2,D
https://www.zillow.com/homedetails/3224-Fait-Ave-Baltimore-MD-21224/36558819_zpid/,757133,775000,5,4,3296,SINGLE_FAMILY,3224 Fait Ave,Baltimore,21224,MD,USA,3224 Fait Ave Baltimore 21224 MD USA ,39.2836363,-76.5704741,D2,D
https://www.zillow.com/homedetails/724-S-Curley-St-Baltimore-MD-21224/2077034520_zpid/,329900,329900,2,2,1476,SINGLE_FAMILY,724 S Curley St,Baltimore,21224,MD,USA,724 S Curley St Baltimore 21224 MD USA ,39.2837707,-76.5751131,D2,D
https://www.zillow.com/homedetails/2504-Fleet-St-Baltimore-MD-21224/36430086_zpid/,,265000,2,2,1312,SINGLE_FAMILY,2504 Fleet St,Baltimore,21224,MD,USA,2504 Fleet St Baltimore 21224 MD USA ,39.28526,-76.5811559,D2,D
https://www.zillow.com/homedetails/514-S-Belnord-Ave-Baltimore-MD-21224/36432487_zpid/,250001,250000,1,2,1008,SINGLE_FAMILY,514 S Belnord Ave,Baltimore,21224,MD,USA,514 S Belnord Ave Baltimore 21224 MD USA ,39.2856107,-76.5780702,D2,D
https://www.zillow.com/homedetails/508-S-Curley-St-Baltimore-MD-21224/36432616_zpid/,309002,309000,3,2,1384,SINGLE_FAMILY,508 S Curley St,Baltimore,21224,MD,USA,508 S Curley St Baltimore 21224 MD USA ,39.2858358,-76.575226,D2,D
https://www.zillow.com/homedetails/3313-Noble-St-Baltimore-MD-21224/36564224_zpid/,199901,199900,2,3,1440,SINGLE_FAMILY,3313 Noble St,Baltimore,21224,MD,USA,3313 Noble St Baltimore 21224 MD USA ,39.2929186,-76.5702145,D2,D
https://www.zillow.com/homedetails/844-Edmondson-Ave-Baltimore-MD-21201/36516286_zpid/,200401,205000,3,6,3000,SINGLE_FAMILY,844 Edmondson Ave,Baltimore,21201,MD,USA,844 Edmondson Ave Baltimore 21201 MD USA ,39.2962459,-76.632325,D4,D
https://www.zillow.com/homedetails/637-N-Paca-St-Baltimore-MD-21201/36516356_zpid/,295000,295000,4,4,2030,SINGLE_FAMILY,637 N Paca St,Baltimore,21201,MD,USA,637 N Paca St Baltimore 21201 MD USA ,39.296646,-76.622409,D4,D
https://www.zillow.com/homedetails/756-Dolphin-St-Baltimore-MD-21217/36516066_zpid/,,235000,3,5,1842,SINGLE_FAMILY,756 Dolphin St,Baltimore,21217,MD,USA,756 Dolphin St Baltimore 21217 MD USA ,39.2973432,-76.6328369,D4,D
https://www.zillow.com/homedetails/1152-Shields-Pl-Baltimore-MD-21201/36516226_zpid/,100000,100000,1,2,770,SINGLE_FAMILY,1152 Shields Pl,Baltimore,21201,MD,USA,1152 Shields Pl Baltimore 21201 MD USA ,39.2981893,-76.6309146,D4,D
https://www.zillow.com/homedetails/815-N-Calhoun-St-Baltimore-MD-21217/36509602_zpid/,100000,100000,4,4,3000,SINGLE_FAMILY,815 N Calhoun St,Baltimore,21217,MD,USA,815 N Calhoun St Baltimore 21217 MD USA ,39.2984161,-76.6398206,D4,D
https://www.zillow.com/homedetails/1509-Light-St-Baltimore-MD-21230/36539207_zpid/,339000,339000,2,3,1501,SINGLE_FAMILY,1509 Light St,Baltimore,21230,MD,USA,1509 Light St Baltimore 21230 MD USA ,39.272425,-76.6115421,D5,D
https://www.zillow.com/homedetails/1507-Light-St-Baltimore-MD-21230/90008512_zpid/,,425000,3,3,2337,SINGLE_FAMILY,1507 Light St,Baltimore,21230,MD,USA,1507 Light St Baltimore 21230 MD USA ,39.2724821,-76.6115195,D5,D
https://www.zillow.com/homedetails/1158-Cooksie-St-Baltimore-MD-21230/36541997_zpid/,486399,489999,5,4,3200,SINGLE_FAMILY,1158 Cooksie St,Baltimore,21230,MD,USA,1158 Cooksie St Baltimore 21230 MD USA ,39.272649,-76.5909921,D5,D
https://www.zillow.com/homedetails/1300-William-St-Baltimore-MD-21230/36539050_zpid/,400000,400000,2,3,2028,SINGLE_FAMILY,1300 William St,Baltimore,21230,MD,USA,1300 William St Baltimore 21230 MD USA ,39.2748032,-76.6104218,D5,D
https://www.zillow.com/homedetails/1208-S-Hanover-St-Baltimore-MD-21230/36536910_zpid/,397839,389900,3,2,1830,SINGLE_FAMILY,1208 S Hanover St,Baltimore,21230,MD,USA,1208 S Hanover St Baltimore 21230 MD USA ,39.2751993,-76.615673,D5,D
https://www.zillow.com/homedetails/1366-Washington-Blvd-Baltimore-MD-21230/36533397_zpid/,79827,159900,3,2,1152,SINGLE_FAMILY,1366 Washington Blvd,Baltimore,21230,MD,USA,1366 Washington Blvd Baltimore 21230 MD USA ,39.2798949,-76.6366572,D5,D
https://www.zillow.com/homedetails/102-102-E-Montgomery-St-104-Baltimore-MD-21230/2078256390_zpid/,865492,875000,9,7,1680,SINGLE_FAMILY,102-102 E Montgomery St #104,Baltimore,21230,MD,USA,102-102 E Montgomery St #104 Baltimore 21230 MD USA ,39.28019,-76.612323,D5,D
https://www.zillow.com/homedetails/723-S-Charles-St-UNIT-101-Baltimore-MD-21230/2076803390_zpid/,167203,170000,1,4,775,SINGLE_FAMILY,723 S Charles St UNIT 101,Baltimore,21230,MD,USA,723 S Charles St UNIT 101 Baltimore 21230 MD USA ,39.2803208,-76.6143472,D5,D
https://www.zillow.com/homedetails/1234-Carroll-St-Baltimore-MD-21230/36533760_zpid/,164943,104900,3,3,1222,SINGLE_FAMILY,1234 Carroll St,Baltimore,21230,MD,USA,1234 Carroll St Baltimore 21230 MD USA ,39.2804903,-76.6337804,D5,D
https://www.zillow.com/homedetails/1174-Washington-Blvd-Baltimore-MD-21230/36532801_zpid/,119888,119900,1,2,960,SINGLE_FAMILY,1174 Washington Blvd,Baltimore,21230,MD,USA,1174 Washington Blvd Baltimore 21230 MD USA ,39.2820452,-76.6339045,D5,D
https://www.zillow.com/homedetails/2720-N-Howard-St-Baltimore-MD-21218/36471868_zpid/,,299999,1,3,1512,SINGLE_FAMILY,2720 N Howard St,Baltimore,21218,MD,USA,2720 N Howard St Baltimore 21218 MD USA ,39.321307,-76.620214,D6,D
https://www.zillow.com/homedetails/216-W-Monument-St-UNIT-3-F-Baltimore-MD-21201/81750426_zpid/,149750,114990,1,1,645,SINGLE_FAMILY,216 W Monument St UNIT 3-F,Baltimore,21201,MD,USA,216 W Monument St UNIT 3-F Baltimore 21201 MD USA ,39.2975539,-76.6193615,D8,D
https://www.zillow.com/homedetails/907-N-Calvert-St-Baltimore-MD-21202/118502177_zpid/,716961,729000,5,5,4469,SINGLE_FAMILY,907 N Calvert St,Baltimore,21202,MD,USA,907 N Calvert St Baltimore 21202 MD USA ,39.300023,-76.612788,D8,D
https://www.zillow.com/homedetails/1011-Hunter-St-UNIT-I-2-Baltimore-MD-21202/67870474_zpid/,75000,75000,1,1,646,SINGLE_FAMILY,1011 Hunter St UNIT I-2,Baltimore,21202,MD,USA,1011 Hunter St UNIT I-2 Baltimore 21202 MD USA ,39.30177,-76.6122129,D8,D
https://www.zillow.com/homedetails/22-S-Howard-St-R-403-Baltimore-MD-21201/72097717_zpid/,158189,160000,1,2,1117,SINGLE_FAMILY,22 S Howard St #R-403,Baltimore,21201,MD,USA,22 S Howard St #R-403 Baltimore 21201 MD USA ,39.288577,-76.6195153,D9,D
https://www.zillow.com/homedetails/110-W-Saratoga-St-UNIT-3-Baltimore-MD-21201/72228648_zpid/,128000,128000,1,1,969,SINGLE_FAMILY,110 W Saratoga St UNIT 3,Baltimore,21201,MD,USA,110 W Saratoga St UNIT 3 Baltimore 21201 MD USA ,39.2932985,-76.6174812,D9,D
https://www.zillow.com/homedetails/59-Victory-Dr-New-Haven-CT-06515/57973517_zpid/,126497,125900,2,3,2217,SINGLE_FAMILY,59 Victory Dr,New Haven,6515,CT,USA,59 Victory Dr New Haven 6515 CT USA ,41.3378759,-72.9719154,D2,D
https://www.zillow.com/homedetails/21-Chamberlain-St-New-Haven-CT-06512/57957495_zpid/,204340,169000,1,4,1494,SINGLE_FAMILY,21 Chamberlain St,New Haven,6512,CT,USA,21 Chamberlain St New Haven 6512 CT USA ,41.2930521,-72.8958766,D6,D
https://www.zillow.com/homedetails/22-Hill-St-East-Haven-CT-06512/57904359_zpid/,,254900,1,3,1282,SINGLE_FAMILY,22 Hill St,East Haven,6512,CT,USA,22 Hill St East Haven 6512 CT USA ,41.2617958,-72.8703444,C20,C
https://www.zillow.com/homedetails/15-Oregon-Ave-East-Haven-CT-06512/57909529_zpid/,245416,245000,2,3,1382,SINGLE_FAMILY,15 Oregon Ave,East Haven,6512,CT,USA,15 Oregon Ave East Haven 6512 CT USA ,41.2526184,-72.8721556,C20,C
https://www.zillow.com/homedetails/15-Summit-Ave-East-Haven-CT-06512/57904313_zpid/,230414,230000,1,2,1506,SINGLE_FAMILY,15 Summit Ave,East Haven,6512,CT,USA,15 Summit Ave East Haven 6512 CT USA ,41.2642238,-72.8674879,C20,C
https://www.zillow.com/homedetails/129-Silver-Sands-Rd-East-Haven-CT-06512/57909843_zpid/,179009,179000,1,2,1225,SINGLE_FAMILY,129 Silver Sands Rd,East Haven,6512,CT,USA,129 Silver Sands Rd East Haven 6512 CT USA ,41.2612053,-72.8713882,C20,C
https://www.zillow.com/homedetails/52-2nd-Ave-East-Haven-CT-06512/174453654_zpid/,395229,385000,4,7,2464,SINGLE_FAMILY,52 2nd Ave,East Haven,6512,CT,USA,52 2nd Ave East Haven 6512 CT USA ,41.2471805,-72.8674432,C20,C
https://www.zillow.com/homedetails/9-Phillip-St-East-Haven-CT-06512/174450462_zpid/,353001,353000,1,3,1735,SINGLE_FAMILY,9 Phillip St,East Haven,6512,CT,USA,9 Phillip St East Haven 6512 CT USA ,41.2460288,-72.8729402,C20,C
https://www.zillow.com/homedetails/16-Roses-Farm-Rd-East-Haven-CT-06512/58896300_zpid/,302497,299500,2,3,2194,SINGLE_FAMILY,16 Roses Farm Rd,East Haven,6512,CT,USA,16 Roses Farm Rd East Haven 6512 CT USA ,41.2491071,-72.8871084,C20,C
https://www.zillow.com/homedetails/9-Roses-Farm-Rd-East-Haven-CT-06512/58896302_zpid/,293430,324900,3,3,1824,SINGLE_FAMILY,9 Roses Farm Rd,East Haven,6512,CT,USA,9 Roses Farm Rd East Haven 6512 CT USA ,41.248849,-72.8864162,C20,C
https://www.zillow.com/homedetails/210-D-Cosey-Beach-Ave-East-Haven-CT-06512/174450459_zpid/,256581,349900,2,3,866,SINGLE_FAMILY,210-D Cosey Beach Ave,East Haven,6512,CT,USA,210-D Cosey Beach Ave East Haven 6512 CT USA ,41.2454781,-72.8719894,C20,C
https://www.zillow.com/homedetails/16-Henry-St-East-Haven-CT-06512/174457449_zpid/,189900,189900,2,2,976,SINGLE_FAMILY,16 Henry St,East Haven,6512,CT,USA,16 Henry St East Haven 6512 CT USA ,41.2477091,-72.8690288,C20,C
https://www.zillow.com/homedetails/85-Henry-St-East-Haven-CT-06512/57908837_zpid/,150000,160000,2,6,2044,SINGLE_FAMILY,85 Henry St,East Haven,6512,CT,USA,85 Henry St East Haven 6512 CT USA ,41.2504306,-72.8690634,C20,C
https://www.zillow.com/homedetails/77-Catherine-St-East-Haven-CT-06512/174454112_zpid/,236902,225000,1,3,1036,SINGLE_FAMILY,77 Catherine St,East Haven,6512,CT,USA,77 Catherine St East Haven 6512 CT USA ,41.2479344,-72.8754324,C20,C
https://www.zillow.com/homedetails/54-Coe-Ave-East-Haven-CT-06512/57907967_zpid/,171155,171000,1,1,720,SINGLE_FAMILY,54 Coe Ave,East Haven,6512,CT,USA,54 Coe Ave East Haven 6512 CT USA ,41.2478457,-72.8709031,C20,C
https://www.zillow.com/homedetails/108-Coe-Ave-East-Haven-CT-06512/57902510_zpid/,244998,244900,2,3,1312,SINGLE_FAMILY,108 Coe Ave,East Haven,6512,CT,USA,108 Coe Ave East Haven 6512 CT USA ,41.2496297,-72.871218,C20,C
https://www.zillow.com/homedetails/62-Cosey-Beach-Ave-East-Haven-CT-06512/57903040_zpid/,832807,875000,5,6,2912,SINGLE_FAMILY,62 Cosey Beach Ave,East Haven,6512,CT,USA,62 Cosey Beach Ave East Haven 6512 CT USA ,41.2459563,-72.8672868,C20,C
https://www.zillow.com/homedetails/95-Sycaway-St-West-Haven-CT-06516/58957095_zpid/,207600,225000,2,4,1428,SINGLE_FAMILY,95 Sycaway St,West Haven,6516,CT,USA,95 Sycaway St West Haven 6516 CT USA ,41.3005039,-72.9713618,D7,D
https://www.zillow.com/homedetails/63-Morris-Ave-West-Haven-CT-06516/58957092_zpid/,273381,179900,4,4,1635,SINGLE_FAMILY,63 Morris Ave,West Haven,6516,CT,USA,63 Morris Ave West Haven 6516 CT USA ,41.3038093,-72.9720538,D7,D
https://www.zillow.com/homedetails/52-Peabody-St-West-Haven-CT-06516/58034972_zpid/,187024,184800,1,2,918,SINGLE_FAMILY,52 Peabody St,West Haven,6516,CT,USA,52 Peabody St West Haven 6516 CT USA ,41.2850831,-72.9744527,D7,D
https://www.zillow.com/homedetails/169-Norfolk-St-West-Haven-CT-06516/58033380_zpid/,349001,349000,2,5,1701,SINGLE_FAMILY,169 Norfolk St,West Haven,6516,CT,USA,169 Norfolk St West Haven 6516 CT USA ,41.2810961,-72.9750524,D7,D
https://www.zillow.com/homedetails/94-David-St-West-Haven-CT-06516/58957153_zpid/,242224,239900,2,3,1040,SINGLE_FAMILY,94 David St,West Haven,6516,CT,USA,94 David St West Haven 6516 CT USA ,41.3005241,-72.9669791,D7,D
https://www.zillow.com/homedetails/143-Homeside-Ave-West-Haven-CT-06516/58034867_zpid/,,90000,2,3,1432,SINGLE_FAMILY,143 Homeside Ave,West Haven,6516,CT,USA,143 Homeside Ave West Haven 6516 CT USA ,41.2858624,-72.9680402,D7,D
https://www.zillow.com/homedetails/11-Ardell-St-West-Haven-CT-06516/58956976_zpid/,184323,179900,1,3,1561,SINGLE_FAMILY,11 Ardell St,West Haven,6516,CT,USA,11 Ardell St West Haven 6516 CT USA ,41.2923526,-72.964857,D7,D
https://www.zillow.com/homedetails/110-Fenwick-St-West-Haven-CT-06516/58036060_zpid/,199901,199900,2,2,1088,SINGLE_FAMILY,110 Fenwick St,West Haven,6516,CT,USA,110 Fenwick St West Haven 6516 CT USA ,41.2997019,-72.9743604,D7,D
https://www.zillow.com/homedetails/104-Terrace-Ave-West-Haven-CT-06516/58956931_zpid/,249901,249900,2,3,1014,SINGLE_FAMILY,104 Terrace Ave,West Haven,6516,CT,USA,104 Terrace Ave West Haven 6516 CT USA ,41.2860285,-72.9618583,D7,D
https://www.zillow.com/homedetails/107-Bedford-St-West-Haven-CT-06516/58034302_zpid/,214651,210000,2,3,1460,SINGLE_FAMILY,107 Bedford St,West Haven,6516,CT,USA,107 Bedford St West Haven 6516 CT USA ,41.2848019,-72.9828947,D7,D
https://www.zillow.com/homedetails/226-Burwell-Rd-West-Haven-CT-06516/2080146609_zpid/,,299900,3,3,2300,SINGLE_FAMILY,226 Burwell Rd,West Haven,6516,CT,USA,226 Burwell Rd West Haven 6516 CT USA ,41.2962206,-72.9742682,D7,D
https://www.zillow.com/homedetails/70-Eaton-St-West-Haven-CT-06516/58035557_zpid/,197339,191900,1,3,1056,SINGLE_FAMILY,70 Eaton St,West Haven,6516,CT,USA,70 Eaton St West Haven 6516 CT USA ,41.2900297,-72.9761596,D7,D
https://www.zillow.com/homedetails/218-Burwell-Rd-West-Haven-CT-06516/249650166_zpid/,329901,329900,3,3,2300,SINGLE_FAMILY,218 Burwell Rd,West Haven,6516,CT,USA,218 Burwell Rd West Haven 6516 CT USA ,41.2963962,-72.9736684,D7,D
https://www.zillow.com/homedetails/40-Norwell-St-West-Haven-CT-06516/65254457_zpid/,201763,200000,2,2,1816,SINGLE_FAMILY,40 Norwell St,West Haven,6516,CT,USA,40 Norwell St West Haven 6516 CT USA ,41.2962519,-72.9764825,D7,D
https://www.zillow.com/homedetails/30-Trescott-St-West-Haven-CT-06516/58956955_zpid/,195673,189000,2,3,1248,SINGLE_FAMILY,30 Trescott St,West Haven,6516,CT,USA,30 Trescott St West Haven 6516 CT USA ,41.2942215,-72.9761596,D7,D
https://www.zillow.com/homedetails/52-Ownly-Ave-West-Haven-CT-06516/58036806_zpid/,190546,185000,2,3,1282,SINGLE_FAMILY,52 Ownly Ave,West Haven,6516,CT,USA,52 Ownly Ave West Haven 6516 CT USA ,41.2997892,-72.9666562,D7,D
https://www.zillow.com/homedetails/107-Tuthill-St-West-Haven-CT-06516/58032988_zpid/,219901,219900,1,3,1120,SINGLE_FAMILY,107 Tuthill St,West Haven,6516,CT,USA,107 Tuthill St West Haven 6516 CT USA ,41.2815388,-72.9767131,D7,D
https://www.zillow.com/homedetails/423-Smith-Ave-New-Haven-CT-06513/57960392_zpid/,199900,199900,1,2,624,SINGLE_FAMILY,423 Smith Ave,New Haven,6513,CT,USA,423 Smith Ave New Haven 6513 CT USA ,41.3305395,-72.8717864,C12,C
https://www.zillow.com/homedetails/5-Weybosset-St-New-Haven-CT-06513/57959885_zpid/,230109,229905,3,3,1796,SINGLE_FAMILY,5 Weybosset St,New Haven,6513,CT,USA,5 Weybosset St New Haven 6513 CT USA ,41.3273561,-72.8768631,C12,C
https://www.zillow.com/homedetails/95-Fairview-Ave-Hamden-CT-06514/57910587_zpid/,154395,150000,1,4,1380,SINGLE_FAMILY,95 Fairview Ave,Hamden,6514,CT,USA,95 Fairview Ave Hamden 6514 CT USA ,41.3409395,-72.9412928,C3,C
https://www.zillow.com/homedetails/304-Morse-St-Hamden-CT-06517/57911294_zpid/,137000,137000,2,3,1196,SINGLE_FAMILY,304 Morse St,Hamden,6517,CT,USA,304 Morse St Hamden 6517 CT USA ,41.3374002,-72.9304846,C3,C
https://www.zillow.com/homedetails/26-Homelands-Ter-Hamden-CT-06517/57911573_zpid/,280108,279900,2,4,1610,SINGLE_FAMILY,26 Homelands Ter,Hamden,6517,CT,USA,26 Homelands Ter Hamden 6517 CT USA ,41.3351946,-72.9225021,C3,C
https://www.zillow.com/homedetails/78-Cherry-Ann-St-Hamden-CT-06514/109722498_zpid/,163356,169000,2,3,1001,SINGLE_FAMILY,78 Cherry Ann St,Hamden,6514,CT,USA,78 Cherry Ann St Hamden 6514 CT USA ,41.3356636,-72.9382248,C3,C
https://www.zillow.com/homedetails/141-Highland-Ave-East-Haven-CT-06513/57904705_zpid/,261750,299997,2,3,1690,SINGLE_FAMILY,141 Highland Ave,East Haven,6513,CT,USA,141 Highland Ave East Haven 6513 CT USA ,41.3261995,-72.8598328,C18,C
https://www.zillow.com/homedetails/349-Strong-St-East-Haven-CT-06512/57907323_zpid/,349902,349900,3,3,1710,SINGLE_FAMILY,349 Strong St,East Haven,6512,CT,USA,349 Strong St East Haven 6512 CT USA ,41.3128745,-72.8573405,C18,C
https://www.zillow.com/homedetails/415-Strong-St-East-Haven-CT-06512/57908875_zpid/,339901,339900,2,3,2553,SINGLE_FAMILY,415 Strong St,East Haven,6512,CT,USA,415 Strong St East Haven 6512 CT USA ,41.3152171,-72.8562327,C18,C
https://www.zillow.com/homedetails/207-Rose-Street-Ext-East-Haven-CT-06513/57901861_zpid/,225085,225000,3,3,2276,SINGLE_FAMILY,207 Rose Street Ext,East Haven,6513,CT,USA,207 Rose Street Ext East Haven 6513 CT USA ,41.3275914,-72.8612174,C18,C
https://www.zillow.com/homedetails/72-Green-St-East-Haven-CT-06512/57909351_zpid/,162238,159900,1,3,1144,SINGLE_FAMILY,72 Green St,East Haven,6512,CT,USA,72 Green St East Haven 6512 CT USA ,41.3213497,-72.8560019,C18,C
https://www.zillow.com/homedetails/284-Russo-Ave-East-Haven-CT-06513/62545371_zpid/,205001,205000,2,4,1101,SINGLE_FAMILY,284 Russo Ave,East Haven,6513,CT,USA,284 Russo Ave East Haven 6513 CT USA ,41.3193273,-72.8663492,C18,C
https://www.zillow.com/homedetails/794-Winchester-Ave-New-Haven-CT-06511/57965368_zpid/,180226,179900,2,3,1120,SINGLE_FAMILY,794 Winchester Ave,New Haven,6511,CT,USA,794 Winchester Ave New Haven 6511 CT USA ,41.3319345,-72.9255937,C5,C
https://www.zillow.com/homedetails/175-Newhall-St-New-Haven-CT-06511/57967262_zpid/,190001,190000,2,3,1254,SINGLE_FAMILY,175 Newhall St,New Haven,6511,CT,USA,175 Newhall St New Haven 6511 CT USA ,41.328581,-72.9285121,C5,C
https://www.zillow.com/homedetails/23-Clark-Ave-North-Haven-CT-06473/174439065_zpid/,441577,449900,3,4,4224,SINGLE_FAMILY,23 Clark Ave,North Haven,6473,CT,USA,23 Clark Ave North Haven 6473 CT USA ,41.351711,-72.8658789,C1,C
https://www.zillow.com/homedetails/52-Montowese-Ave-North-Haven-CT-06473/174449104_zpid/,289901,289900,1,2,1233,SINGLE_FAMILY,52 Montowese Ave,North Haven,6473,CT,USA,52 Montowese Ave North Haven 6473 CT USA ,41.3507196,-72.8628789,C1,C
https://www.zillow.com/homedetails/105-Frost-Dr-North-Haven-CT-06473/174439356_zpid/,246009,224900,1,3,1224,SINGLE_FAMILY,105 Frost Dr,North Haven,6473,CT,USA,105 Frost Dr North Haven 6473 CT USA ,41.3581637,-72.8595558,C1,C
https://www.zillow.com/homedetails/15-Marion-St-West-Haven-CT-06516/58031271_zpid/,230109,229900,3,2,1570,SINGLE_FAMILY,15 Marion St,West Haven,6516,CT,USA,15 Marion St West Haven 6516 CT USA ,41.2679005,-72.935883,C16,C
https://www.zillow.com/homedetails/19-April-St-West-Haven-CT-06516/58031110_zpid/,573294,590000,4,4,3784,SINGLE_FAMILY,19 April St,West Haven,6516,CT,USA,19 April St West Haven 6516 CT USA ,41.2697803,-72.9332069,C16,C
https://www.zillow.com/homedetails/186-Park-St-West-Haven-CT-06516/58028264_zpid/,275012,275000,2,3,1469,SINGLE_FAMILY,186 Park St,West Haven,6516,CT,USA,186 Park St West Haven 6516 CT USA ,41.2607723,-72.9451569,C16,C
https://www.zillow.com/homedetails/61-William-St-West-Haven-CT-06516/58029921_zpid/,195266,189000,2,3,1377,SINGLE_FAMILY,61 William St,West Haven,6516,CT,USA,61 William St West Haven 6516 CT USA ,41.2647414,-72.9419273,C16,C
https://www.zillow.com/homedetails/290-3rd-Ave-West-Haven-CT-06516/58031032_zpid/,250026,247999,2,2,1974,SINGLE_FAMILY,290 3rd Ave,West Haven,6516,CT,USA,290 3rd Ave West Haven 6516 CT USA ,41.2696076,-72.9405892,C16,C
https://www.zillow.com/homedetails/33-Chew-St-West-Haven-CT-06516/58031379_zpid/,218592,218000,1,2,1118,SINGLE_FAMILY,33 Chew St,West Haven,6516,CT,USA,33 Chew St West Haven 6516 CT USA ,41.2679587,-72.9372672,C16,C
https://www.zillow.com/homedetails/275-3rd-Ave-West-Haven-CT-06516/58031339_zpid/,179290,174900,1,2,914,SINGLE_FAMILY,275 3rd Ave,West Haven,6516,CT,USA,275 3rd Ave West Haven 6516 CT USA ,41.2692779,-72.9398625,C16,C
https://www.zillow.com/homedetails/26-Lexington-St-Hamden-CT-06514/57915572_zpid/,239902,239900,2,3,1750,SINGLE_FAMILY,26 Lexington St,Hamden,6514,CT,USA,26 Lexington St Hamden 6514 CT USA ,41.350613,-72.9327863,C2,C
https://www.zillow.com/homedetails/179-Circular-Ave-Hamden-CT-06514/57915244_zpid/,212699,210000,2,3,1384,SINGLE_FAMILY,179 Circular Ave,Hamden,6514,CT,USA,179 Circular Ave Hamden 6514 CT USA ,41.3511564,-72.9353294,C2,C
https://www.zillow.com/homedetails/24-Beacon-St-Hamden-CT-06514/58906217_zpid/,269999,269999,2,3,1620,SINGLE_FAMILY,24 Beacon St,Hamden,6514,CT,USA,24 Beacon St Hamden 6514 CT USA ,41.3513849,-72.9323302,C2,C
https://www.zillow.com/homedetails/75-Benham-St-Hamden-CT-06514/2073907395_zpid/,390561,449000,4,6,3375,SINGLE_FAMILY,75 Benham St,Hamden,6514,CT,USA,75 Benham St Hamden 6514 CT USA ,41.3640363,-72.9261935,C2,C
https://www.zillow.com/homedetails/208-Gorham-Ave-Hamden-CT-06514/57912685_zpid/,269902,269900,2,5,2239,SINGLE_FAMILY,208 Gorham Ave,Hamden,6514,CT,USA,208 Gorham Ave Hamden 6514 CT USA ,41.3497516,-72.9415952,C2,C
https://www.zillow.com/homedetails/141-Gorham-Ave-Hamden-CT-06514/57913152_zpid/,240416,240000,2,3,1821,SINGLE_FAMILY,141 Gorham Ave,Hamden,6514,CT,USA,141 Gorham Ave Hamden 6514 CT USA ,41.3493457,-72.9392185,C2,C
https://www.zillow.com/homedetails/34-Alenier-St-Hamden-CT-06514/57912836_zpid/,177856,170000,2,3,1648,SINGLE_FAMILY,34 Alenier St,Hamden,6514,CT,USA,34 Alenier St Hamden 6514 CT USA ,41.3465041,-72.9380862,C2,C
https://www.zillow.com/homedetails/361-Circular-Ave-Hamden-CT-06514/57915061_zpid/,231196,229900,2,3,1885,SINGLE_FAMILY,361 Circular Ave,Hamden,6514,CT,USA,361 Circular Ave Hamden 6514 CT USA ,41.3559893,-72.9365751,C2,C
https://www.zillow.com/homedetails/525-Edgewood-Ave-New-Haven-CT-06511/57971081_zpid/,583379,599000,4,5,4162,SINGLE_FAMILY,525 Edgewood Ave,New Haven,6511,CT,USA,525 Edgewood Ave New Haven 6511 CT USA ,41.3160825,-72.9529243,C6,C
https://www.zillow.com/homedetails/1772-Ella-T-Grasso-Blvd-New-Haven-CT-06511/57971629_zpid/,338079,345000,4,4,2266,SINGLE_FAMILY,1772 Ella T Grasso Blvd,New Haven,6511,CT,USA,1772 Ella T Grasso Blvd New Haven 6511 CT USA ,41.3272242,-72.9466795,C6,C
https://www.zillow.com/homedetails/69-Saint-Andrew-Ave-East-Haven-CT-06512/174455156_zpid/,166925,164900,2,2,1690,SINGLE_FAMILY,69 Saint Andrew Ave,East Haven,6512,CT,USA,69 Saint Andrew Ave East Haven 6512 CT USA ,41.2811415,-72.8837395,C19,C
https://www.zillow.com/homedetails/21-Gerrish-Ave-East-Haven-CT-06512/57904008_zpid/,278690,269900,3,4,1785,SINGLE_FAMILY,21 Gerrish Ave,East Haven,6512,CT,USA,21 Gerrish Ave East Haven 6512 CT USA ,41.2774121,-72.8815243,C19,C
https://www.zillow.com/homedetails/109-Charter-Oak-Ave-East-Haven-CT-06512/58896287_zpid/,241179,205535,2,4,1662,SINGLE_FAMILY,109 Charter Oak Ave,East Haven,6512,CT,USA,109 Charter Oak Ave East Haven 6512 CT USA ,41.2806798,-72.8847086,C19,C
https://www.zillow.com/homedetails/210-Lenox-St-New-Haven-CT-06513/57958293_zpid/,192098,188000,2,3,1336,SINGLE_FAMILY,210 Lenox St,New Haven,6513,CT,USA,210 Lenox St New Haven 6513 CT USA ,41.3045337,-72.8872469,C13,C
https://www.zillow.com/homedetails/25-Page-St-New-Haven-CT-06512/57957207_zpid/,228501,228500,2,4,1636,SINGLE_FAMILY,25 Page St,New Haven,6512,CT,USA,25 Page St New Haven 6512 CT USA ,41.286837,-72.890426,C13,C
https://www.zillow.com/homedetails/171-Lexington-Ave-New-Haven-CT-06513/57958381_zpid/,183346,179000,2,3,1528,SINGLE_FAMILY,171 Lexington Ave,New Haven,6513,CT,USA,171 Lexington Ave New Haven 6513 CT USA ,41.3025003,-72.886216,C13,C
https://www.zillow.com/homedetails/136-Peat-Meadow-Rd-New-Haven-CT-06513/57957612_zpid/,251156,250000,3,4,2000,SINGLE_FAMILY,136 Peat Meadow Rd,New Haven,6513,CT,USA,136 Peat Meadow Rd New Haven 6513 CT USA ,41.2906261,-72.8877312,C13,C
https://www.zillow.com/homedetails/356-Summit-St-New-Haven-CT-06513/58932239_zpid/,,169900,2,4,1716,SINGLE_FAMILY,356 Summit St,New Haven,6513,CT,USA,356 Summit St New Haven 6513 CT USA ,41.3067697,-72.8811897,C13,C
https://www.zillow.com/homedetails/134-Rosewood-Ave-New-Haven-CT-06513/57958860_zpid/,219900,219900,1,3,1040,SINGLE_FAMILY,134 Rosewood Ave,New Haven,6513,CT,USA,134 Rosewood Ave New Haven 6513 CT USA ,41.3111317,-72.8765862,C13,C
https://www.zillow.com/homedetails/91-Crofton-St-New-Haven-CT-06513/57957694_zpid/,249900,249900,1,2,992,SINGLE_FAMILY,91 Crofton St,New Haven,6513,CT,USA,91 Crofton St New Haven 6513 CT USA ,41.2950362,-72.8891185,C13,C
https://www.zillow.com/homedetails/56-Chester-St-New-Haven-CT-06513/57957627_zpid/,169174,165000,1,2,945,SINGLE_FAMILY,56 Chester St,New Haven,6513,CT,USA,56 Chester St New Haven 6513 CT USA ,41.2914313,-72.8890005,C13,C
https://www.zillow.com/homedetails/528-Woodward-Ave-New-Haven-CT-06512/57956831_zpid/,289901,289900,2,3,2140,SINGLE_FAMILY,528 Woodward Ave,New Haven,6512,CT,USA,528 Woodward Ave New Haven 6512 CT USA ,41.2832561,-72.8968457,C13,C
https://www.zillow.com/homedetails/84-Hawthorne-Ave-Hamden-CT-06517/57917790_zpid/,318001,318000,2,3,1582,SINGLE_FAMILY,84 Hawthorne Ave,Hamden,6517,CT,USA,84 Hawthorne Ave Hamden 6517 CT USA ,41.3605299,-72.9126736,B2,B
https://www.zillow.com/homedetails/88-Central-Ave-Hamden-CT-06517/57917806_zpid/,229901,229900,2,3,1437,SINGLE_FAMILY,88 Central Ave,Hamden,6517,CT,USA,88 Central Ave Hamden 6517 CT USA ,41.3599252,-72.9129505,B2,B
https://www.zillow.com/homedetails/69-Park-Ave-Hamden-CT-06517/57917810_zpid/,252501,252500,3,2,1320,SINGLE_FAMILY,69 Park Ave,Hamden,6517,CT,USA,69 Park Ave Hamden 6517 CT USA ,41.3593772,-72.9123506,B2,B
https://www.zillow.com/homedetails/18-Woolsey-St-New-Haven-CT-06513/57961625_zpid/,145288,150000,1,5,1716,SINGLE_FAMILY,18 Woolsey St,New Haven,6513,CT,USA,18 Woolsey St New Haven 6513 CT USA ,41.3078336,-72.8978263,D5,D
https://www.zillow.com/homedetails/175-Lloyd-St-New-Haven-CT-06513/57962622_zpid/,193307,89900,2,3,1279,SINGLE_FAMILY,175 Lloyd St,New Haven,6513,CT,USA,175 Lloyd St New Haven 6513 CT USA ,41.3064716,-72.9004451,D5,D
https://www.zillow.com/homedetails/1346-State-St-New-Haven-CT-06511/2144565305_zpid/,413309,425000,3,5,3817,SINGLE_FAMILY,1346 State St,New Haven,6511,CT,USA,1346 State St New Haven 6511 CT USA ,41.3200168,-72.8983685,D5,D
https://www.zillow.com/homedetails/46-Greenwood-St-New-Haven-CT-06519/57969036_zpid/,150023,150000,2,3,1008,SINGLE_FAMILY,46 Greenwood St,New Haven,6519,CT,USA,46 Greenwood St New Haven 6519 CT USA ,41.3053944,-72.9448224,D3,D
https://www.zillow.com/homedetails/29-Porter-St-New-Haven-CT-06519/57971048_zpid/,,184900,2,3,1398,SINGLE_FAMILY,29 Porter St,New Haven,6519,CT,USA,29 Porter St New Haven 6519 CT USA ,41.3036001,-72.9503705,D3,D
https://www.zillow.com/homedetails/110-Hinman-St-West-Haven-CT-06516/58036431_zpid/,245001,245000,2,3,1165,SINGLE_FAMILY,110 Hinman St,West Haven,6516,CT,USA,110 Hinman St West Haven 6516 CT USA ,41.2987773,-72.958179,D8,D
https://www.zillow.com/homedetails/327-Skiff-St-North-Haven-CT-06473/2087366216_zpid/,,399900,3,4,2400,SINGLE_FAMILY,327 Skiff St,North Haven,6473,CT,USA,327 Skiff St North Haven 6473 CT USA ,41.3700815,-72.9051982,A1,A
https://www.zillow.com/homedetails/87-Woodlawn-St-Hamden-CT-06517/57917726_zpid/,,325000,2,3,1744,SINGLE_FAMILY,87 Woodlawn St,Hamden,6517,CT,USA,87 Woodlawn St Hamden 6517 CT USA ,41.3632063,-72.9122583,A3,A
https://www.zillow.com/homedetails/42-Brookside-Dr-Hamden-CT-06517/58906900_zpid/,556213,565000,4,4,3064,SINGLE_FAMILY,42 Brookside Dr,Hamden,6517,CT,USA,42 Brookside Dr Hamden 6517 CT USA ,41.3643629,-72.907367,A3,A
https://www.zillow.com/homedetails/115-Thornton-St-Hamden-CT-06517/58907206_zpid/,254319,249900,2,4,1768,SINGLE_FAMILY,115 Thornton St,Hamden,6517,CT,USA,115 Thornton St Hamden 6517 CT USA ,41.3669351,-72.9122583,A3,A
https://www.zillow.com/homedetails/61-Swarthmore-St-Hamden-CT-06517/57918079_zpid/,438501,438500,3,4,1883,SINGLE_FAMILY,61 Swarthmore St,Hamden,6517,CT,USA,61 Swarthmore St Hamden 6517 CT USA ,41.3615459,-72.9068594,A3,A
https://www.zillow.com/homedetails/1060-Ridge-Rd-Hamden-CT-06517/58906993_zpid/,736666,765000,5,5,3835,SINGLE_FAMILY,1060 Ridge Rd,Hamden,6517,CT,USA,1060 Ridge Rd Hamden 6517 CT USA ,41.363579,-72.8999837,A4,A
https://www.zillow.com/homedetails/999-Ridge-Rd-Hamden-CT-06517/57918379_zpid/,399000,399000,4,4,3662,SINGLE_FAMILY,999 Ridge Rd,Hamden,6517,CT,USA,999 Ridge Rd Hamden 6517 CT USA ,41.361974,-72.8993145,A4,A
https://www.zillow.com/homedetails/9-Killdeer-Rd-Hamden-CT-06517/57913925_zpid/,447001,447000,3,4,2314,SINGLE_FAMILY,9 Killdeer Rd,Hamden,6517,CT,USA,9 Killdeer Rd Hamden 6517 CT USA ,41.3430518,-72.9061211,A5,A
https://www.zillow.com/homedetails/120-Killdeer-Rd-Hamden-CT-06517/57911966_zpid/,620899,439900,5,5,3584,SINGLE_FAMILY,120 Killdeer Rd,Hamden,6517,CT,USA,120 Killdeer Rd Hamden 6517 CT USA ,41.3418528,-72.9027524,A5,A
https://www.zillow.com/homedetails/28-Myra-Rd-Hamden-CT-06517/57914022_zpid/,349000,349000,2,3,1929,SINGLE_FAMILY,28 Myra Rd,Hamden,6517,CT,USA,28 Myra Rd Hamden 6517 CT USA ,41.3448248,-72.9012758,A5,A
https://www.zillow.com/homedetails/10-Marshall-Rd-Hamden-CT-06517/57911858_zpid/,,1495000,6,7,4936,SINGLE_FAMILY,10 Marshall Rd,Hamden,6517,CT,USA,10 Marshall Rd Hamden 6517 CT USA ,41.3421031,-72.9058903,A5,A
https://www.zillow.com/homedetails/10-Deepwood-Dr-Hamden-CT-06517/57911742_zpid/,479393,485000,3,4,2532,SINGLE_FAMILY,10 Deepwood Dr,Hamden,6517,CT,USA,10 Deepwood Dr Hamden 6517 CT USA ,41.3390135,-72.9130889,A6,A
https://www.zillow.com/homedetails/129-Deepwood-Dr-Hamden-CT-06517/58905408_zpid/,,790000,4,6,3425,SINGLE_FAMILY,129 Deepwood Dr,Hamden,6517,CT,USA,129 Deepwood Dr Hamden 6517 CT USA ,41.3395941,-72.9177725,A6,A
https://www.zillow.com/homedetails/15-Mill-Rock-Rd-Hamden-CT-06517/57911749_zpid/,833328,865000,3,3,2800,SINGLE_FAMILY,15 Mill Rock Rd,Hamden,6517,CT,USA,15 Mill Rock Rd Hamden 6517 CT USA ,41.3376836,-72.9141041,A6,A
https://www.zillow.com/homedetails/120-Mill-Rock-Rd-Hamden-CT-06517/57925055_zpid/,449001,449000,3,4,2733,SINGLE_FAMILY,120 Mill Rock Rd,Hamden,6517,CT,USA,120 Mill Rock Rd Hamden 6517 CT USA ,41.3381486,-72.918903,A6,A
https://www.zillow.com/homedetails/85-Deepwood-Dr-Hamden-CT-06517/57911830_zpid/,326649,329000,1,3,1617,SINGLE_FAMILY,85 Deepwood Dr,Hamden,6517,CT,USA,85 Deepwood Dr Hamden 6517 CT USA ,41.3395989,-72.9162856,A6,A
https://www.zillow.com/homedetails/150-Deepwood-Dr-Hamden-CT-06517/57911474_zpid/,1905034,1999900,5,5,4541,SINGLE_FAMILY,150 Deepwood Dr,Hamden,6517,CT,USA,150 Deepwood Dr Hamden 6517 CT USA ,41.339314,-72.9192828,A6,A
https://www.zillow.com/homedetails/5-Saint-Ronan-Ter-New-Haven-CT-06511/57965149_zpid/,782876,825000,5,8,6228,SINGLE_FAMILY,5 Saint Ronan Ter,New Haven,6511,CT,USA,5 Saint Ronan Ter New Haven 6511 CT USA ,41.3222725,-72.9206564,A8,A
https://www.zillow.com/homedetails/425-Saint-Ronan-St-New-Haven-CT-06511/57964301_zpid/,1243254,1290000,7,6,6650,SINGLE_FAMILY,425 Saint Ronan St,New Haven,6511,CT,USA,425 Saint Ronan St New Haven 6511 CT USA ,41.327293,-72.9174957,A8,A
https://www.zillow.com/homedetails/495-Thompson-Ave-East-Haven-CT-06512/57910113_zpid/,335001,335000,3,3,1564,SINGLE_FAMILY,495 Thompson Ave,East Haven,6512,CT,USA,495 Thompson Ave East Haven 6512 CT USA ,41.274324,-72.8742786,B10,B
https://www.zillow.com/homedetails/15-Elm-Ct-East-Haven-CT-06512/57908873_zpid/,259001,259000,1,4,1056,SINGLE_FAMILY,15 Elm Ct,East Haven,6512,CT,USA,15 Elm Ct East Haven 6512 CT USA ,41.2808243,-72.8724325,B10,B
https://www.zillow.com/homedetails/41-Rowe-St-East-Haven-CT-06512/57905875_zpid/,193651,189000,1,1,1208,SINGLE_FAMILY,41 Rowe St,East Haven,6512,CT,USA,41 Rowe St East Haven 6512 CT USA ,41.2754562,-72.8714634,B10,B
https://www.zillow.com/homedetails/11-Dodge-Ave-East-Haven-CT-06512/57909327_zpid/,168121,149900,1,3,1072,SINGLE_FAMILY,11 Dodge Ave,East Haven,6512,CT,USA,11 Dodge Ave East Haven 6512 CT USA ,41.2695665,-72.872571,B10,B
https://www.zillow.com/homedetails/39-High-St-39-East-Haven-CT-06512/2077131874_zpid/,210266,214000,1,3,1392,SINGLE_FAMILY,39 High St #39,East Haven,6512,CT,USA,39 High St #39 East Haven 6512 CT USA ,41.2793356,-72.8714172,B10,B
https://www.zillow.com/homedetails/48-Sidney-St-East-Haven-CT-06512/57903798_zpid/,243007,239900,2,3,1260,SINGLE_FAMILY,48 Sidney St,East Haven,6512,CT,USA,48 Sidney St East Haven 6512 CT USA ,41.281534,-72.8735863,B10,B
https://www.zillow.com/homedetails/79-Treadwell-St-Hamden-CT-06517/57913612_zpid/,219389,259000,2,3,1350,SINGLE_FAMILY,79 Treadwell St,Hamden,6517,CT,USA,79 Treadwell St Hamden 6517 CT USA ,41.348531,-72.9169073,B3,B
https://www.zillow.com/homedetails/5-Heloise-St-Hamden-CT-06517/57913490_zpid/,372754,395000,2,3,1704,SINGLE_FAMILY,5 Heloise St,Hamden,6517,CT,USA,5 Heloise St Hamden 6517 CT USA ,41.3428209,-72.9148424,B3,B
https://www.zillow.com/homedetails/50-Winnett-St-Hamden-CT-06517/57913383_zpid/,224474,219000,2,3,1371,SINGLE_FAMILY,50 Winnett St,Hamden,6517,CT,USA,50 Winnett St Hamden 6517 CT USA ,41.3437499,-72.9226867,B3,B
https://www.zillow.com/homedetails/75-Hall-St-Hamden-CT-06517/57913491_zpid/,521598,529000,4,4,2724,SINGLE_FAMILY,75 Hall St,Hamden,6517,CT,USA,75 Hall St Hamden 6517 CT USA ,41.3425094,-72.9147963,B3,B
https://www.zillow.com/homedetails/133-Blake-Rd-Hamden-CT-06517/57911822_zpid/,717986,739000,5,5,4147,SINGLE_FAMILY,133 Blake Rd,Hamden,6517,CT,USA,133 Blake Rd Hamden 6517 CT USA ,41.3408263,-72.9178648,B3,B
https://www.zillow.com/homedetails/51-Francis-Ave-Hamden-CT-06517/58905799_zpid/,280089,279900,2,3,1439,SINGLE_FAMILY,51 Francis Ave,Hamden,6517,CT,USA,51 Francis Ave Hamden 6517 CT USA ,41.3444224,-72.9188569,B3,B
https://www.zillow.com/homedetails/18-Field-St-New-Haven-CT-06515/57974136_zpid/,214285,210000,2,3,1193,SINGLE_FAMILY,18 Field St,New Haven,6515,CT,USA,18 Field St New Haven 6515 CT USA ,41.3295095,-72.9780048,B4,B
https://www.zillow.com/homedetails/256-Mckinley-Ave-New-Haven-CT-06515/57972815_zpid/,797212,650000,4,5,5151,SINGLE_FAMILY,256 Mckinley Ave,New Haven,6515,CT,USA,256 Mckinley Ave New Haven 6515 CT USA ,41.3235033,-72.9656643,B4,B
https://www.zillow.com/homedetails/239-Fairfield-St-New-Haven-CT-06515/57974096_zpid/,265240,265000,2,4,1766,SINGLE_FAMILY,239 Fairfield St,New Haven,6515,CT,USA,239 Fairfield St New Haven 6515 CT USA ,41.3304908,-72.9769438,B4,B
https://www.zillow.com/homedetails/262-Yale-Ave-New-Haven-CT-06515/58933150_zpid/,389002,389000,2,4,2364,SINGLE_FAMILY,262 Yale Ave,New Haven,6515,CT,USA,262 Yale Ave New Haven 6515 CT USA ,41.3174117,-72.9602897,B4,B
https://www.zillow.com/homedetails/119-Ramsdell-St-New-Haven-CT-06515/57974099_zpid/,201532,199999,2,3,1200,SINGLE_FAMILY,119 Ramsdell St,New Haven,6515,CT,USA,119 Ramsdell St New Haven 6515 CT USA ,41.3313618,-72.9761596,B4,B
https://www.zillow.com/homedetails/63-Woodside-Ter-New-Haven-CT-06515/58933349_zpid/,349099,349000,3,3,1871,SINGLE_FAMILY,63 Woodside Ter,New Haven,6515,CT,USA,63 Woodside Ter New Haven 6515 CT USA ,41.3215759,-72.9691474,B4,B
https://www.zillow.com/homedetails/60-Benton-St-New-Haven-CT-06515/57974131_zpid/,340001,340000,3,3,1248,SINGLE_FAMILY,60 Benton St,New Haven,6515,CT,USA,60 Benton St New Haven 6515 CT USA ,41.3297953,-72.9771283,B4,B
https://www.zillow.com/homedetails/197-Alden-Ave-New-Haven-CT-06515/58933270_zpid/,316364,325000,2,4,2205,SINGLE_FAMILY,197 Alden Ave,New Haven,6515,CT,USA,197 Alden Ave New Haven 6515 CT USA ,41.3214774,-72.9644879,B4,B
https://www.zillow.com/homedetails/24-Huntington-St-New-Haven-CT-06511/58932679_zpid/,771631,799000,5,7,4538,SINGLE_FAMILY,24 Huntington St,New Haven,6511,CT,USA,24 Huntington St New Haven 6511 CT USA ,41.3293457,-72.91535,B6,B
https://www.zillow.com/homedetails/340-Livingston-St-New-Haven-CT-06511/57964214_zpid/,1666505,1850000,6,6,7073,SINGLE_FAMILY,340 Livingston St,New Haven,6511,CT,USA,340 Livingston St New Haven 6511 CT USA ,41.3284488,-72.9115892,B6,B
https://www.zillow.com/homedetails/596-Townsend-Ave-New-Haven-CT-06512/57956568_zpid/,359102,380000,2,3,2278,SINGLE_FAMILY,596 Townsend Ave,New Haven,6512,CT,USA,596 Townsend Ave New Haven 6512 CT USA ,41.273117,-72.8970764,B7,B
https://www.zillow.com/homedetails/215-Kneeland-Rd-New-Haven-CT-06512/57956474_zpid/,299001,299000,2,4,1810,SINGLE_FAMILY,215 Kneeland Rd,New Haven,6512,CT,USA,215 Kneeland Rd New Haven 6512 CT USA ,41.2784098,-72.8967995,B7,B
https://www.zillow.com/homedetails/22-Hervey-St-New-Haven-CT-06512/57956599_zpid/,259907,259900,2,4,2304,SINGLE_FAMILY,22 Hervey St,New Haven,6512,CT,USA,22 Hervey St New Haven 6512 CT USA ,41.2746688,-72.8991299,B7,B
https://www.zillow.com/homedetails/145-Hall-St-New-Haven-CT-06512/57955492_zpid/,247236,249900,2,3,1346,SINGLE_FAMILY,145 Hall St,New Haven,6512,CT,USA,145 Hall St New Haven 6512 CT USA ,41.2720815,-72.8915387,B7,B
https://www.zillow.com/homedetails/120-Hall-St-New-Haven-CT-06512/57955511_zpid/,,284900,2,3,1650,SINGLE_FAMILY,120 Hall St,New Haven,6512,CT,USA,120 Hall St New Haven 6512 CT USA ,41.2726826,-72.8922309,B7,B
https://www.zillow.com/homedetails/21-North-St-West-Haven-CT-06516/58032643_zpid/,238407,149999,2,3,2072,SINGLE_FAMILY,21 North St,West Haven,6516,CT,USA,21 North St West Haven 6516 CT USA ,41.2734223,-72.9386053,B8,B
https://www.zillow.com/homedetails/242-1st-Ave-West-Haven-CT-06516/58032652_zpid/,199999,199999,3,3,2284,SINGLE_FAMILY,242 1st Ave,West Haven,6516,CT,USA,242 1st Ave West Haven 6516 CT USA ,41.2745136,-72.938513,B8,B
https://www.zillow.com/homedetails/61-Martin-St-West-Haven-CT-06516/58030781_zpid/,229913,229900,1,3,1520,SINGLE_FAMILY,61 Martin St,West Haven,6516,CT,USA,61 Martin St West Haven 6516 CT USA ,41.2720869,-72.9451386,B8,B
https://www.zillow.com/homedetails/24-Treadwell-St-West-Haven-CT-06516/58031067_zpid/,235000,235000,3,3,1867,SINGLE_FAMILY,24 Treadwell St,West Haven,6516,CT,USA,24 Treadwell St West Haven 6516 CT USA ,41.2713206,-72.942422,B8,B
https://www.zillow.com/homedetails/21-George-St-West-Haven-CT-06516/58032230_zpid/,184420,179900,2,3,880,SINGLE_FAMILY,21 George St,West Haven,6516,CT,USA,21 George St West Haven 6516 CT USA ,41.2774501,-72.951743,B8,B
https://www.zillow.com/homedetails/15-4th-Ave-West-Haven-CT-06516/58033968_zpid/,188551,179900,2,4,1392,SINGLE_FAMILY,15 4th Ave,West Haven,6516,CT,USA,15 4th Ave West Haven 6516 CT USA ,41.2780125,-72.9472331,B8,B
https://www.zillow.com/homedetails/148-Atwater-St-West-Haven-CT-06516/58029382_zpid/,204923,199900,2,3,1122,SINGLE_FAMILY,148 Atwater St,West Haven,6516,CT,USA,148 Atwater St West Haven 6516 CT USA ,41.2650245,-72.9488018,B9,B
https://www.zillow.com/homedetails/64-Walnut-St-West-Haven-CT-06516/58956281_zpid/,191424,190000,2,3,1703,SINGLE_FAMILY,64 Walnut St,West Haven,6516,CT,USA,64 Walnut St West Haven 6516 CT USA ,41.2656061,-72.9503936,B9,B
https://www.zillow.com/homedetails/208-Court-St-West-Haven-CT-06516/58030632_zpid/,349000,349000,2,4,1964,SINGLE_FAMILY,208 Court St,West Haven,6516,CT,USA,208 Court St West Haven 6516 CT USA ,41.268842,-72.9518468,B9,B
https://www.zillow.com/homedetails/91-Church-St-West-Haven-CT-06516/58030652_zpid/,167636,159900,1,3,1296,SINGLE_FAMILY,91 Church St,West Haven,6516,CT,USA,91 Church St West Haven 6516 CT USA ,41.2699633,-72.9529541,B9,B
https://www.zillow.com/homedetails/107-Concord-St-New-Haven-CT-06512/57955891_zpid/,263406,260000,2,4,1601,SINGLE_FAMILY,107 Concord St,New Haven,6512,CT,USA,107 Concord St New Haven 6512 CT USA ,41.2609256,-72.8918617,C14,C
https://www.zillow.com/homedetails/114-Cove-St-New-Haven-CT-06512/81788440_zpid/,1698345,1850000,6,4,7824,SINGLE_FAMILY,114 Cove St,New Haven,6512,CT,USA,114 Cove St New Haven 6512 CT USA ,41.2555614,-72.8964413,C14,C
https://www.zillow.com/homedetails/41-Arden-St-New-Haven-CT-06512/57955952_zpid/,157607,154000,1,3,1056,SINGLE_FAMILY,41 Arden St,New Haven,6512,CT,USA,41 Arden St New Haven 6512 CT USA ,41.2632031,-72.8908003,C14,C
https://www.zillow.com/homedetails/106-Myron-St-New-Haven-CT-06512/57955736_zpid/,215368,215000,2,3,1344,SINGLE_FAMILY,106 Myron St,New Haven,6512,CT,USA,106 Myron St New Haven 6512 CT USA ,41.2661684,-72.8928019,C14,C
https://www.zillow.com/homedetails/7-Ira-St-New-Haven-CT-06512/57955691_zpid/,186342,179900,1,2,960,SINGLE_FAMILY,7 Ira St,New Haven,6512,CT,USA,7 Ira St New Haven 6512 CT USA ,41.2668221,-72.8957843,C14,C
https://www.zillow.com/homedetails/6-Hall-St-West-Haven-CT-06516/58033709_zpid/,202738,200000,2,2,1320,SINGLE_FAMILY,6 Hall St,West Haven,6516,CT,USA,6 Hall St West Haven 6516 CT USA ,41.2822182,-72.952585,C15,C
https://www.zillow.com/homedetails/55-Painter-Ave-West-Haven-CT-06516/58027866_zpid/,244490,240000,2,4,1224,SINGLE_FAMILY,55 Painter Ave,West Haven,6516,CT,USA,55 Painter Ave West Haven 6516 CT USA ,41.2583693,-72.9561836,C17,C
https://www.zillow.com/homedetails/93-Wilson-Ave-West-Haven-CT-06516/58027020_zpid/,264727,264500,2,3,1892,SINGLE_FAMILY,93 Wilson Ave,West Haven,6516,CT,USA,93 Wilson Ave West Haven 6516 CT USA ,41.253228,-72.9705314,C17,C
https://www.zillow.com/homedetails/112-Parker-Ave-E-West-Haven-CT-06516/58955760_zpid/,222170,222000,3,3,1200,SINGLE_FAMILY,112 Parker Ave E,West Haven,6516,CT,USA,112 Parker Ave E West Haven 6516 CT USA ,41.2556886,-72.9701623,C17,C
https://www.zillow.com/homedetails/64-Fairview-Ave-West-Haven-CT-06516/58027307_zpid/,350000,350000,1,3,1551,SINGLE_FAMILY,64 Fairview Ave,West Haven,6516,CT,USA,64 Fairview Ave West Haven 6516 CT USA ,41.2510596,-72.9650415,C17,C
https://www.zillow.com/homedetails/153-Ivy-St-West-Haven-CT-06516/58027164_zpid/,275010,275000,1,3,1160,SINGLE_FAMILY,153 Ivy St,West Haven,6516,CT,USA,153 Ivy St West Haven 6516 CT USA ,41.2543446,-72.9685938,C17,C
https://www.zillow.com/homedetails/85-Livingston-St-New-Haven-CT-06511/57964033_zpid/,718282,739000,5,6,3439,SINGLE_FAMILY,85 Livingston St,New Haven,6511,CT,USA,85 Livingston St New Haven 6511 CT USA ,41.3213244,-72.9149347,C8,C
https://www.zillow.com/homedetails/50-Cold-Spring-St-New-Haven-CT-06511/58932488_zpid/,1161017,1194999,5,6,5026,SINGLE_FAMILY,50 Cold Spring St,New Haven,6511,CT,USA,50 Cold Spring St New Haven 6511 CT USA ,41.324481,-72.9104126,C8,C
https://www.zillow.com/homedetails/17-Old-Orchard-Rd-North-Haven-CT-06473/174435000_zpid/,703063,725000,5,5,4425,SINGLE_FAMILY,17 Old Orchard Rd,North Haven,6473,CT,USA,17 Old Orchard Rd North Haven 6473 CT USA ,41.3657002,-72.8951844,A2,A
https://www.zillow.com/homedetails/191-Atwater-St-New-Haven-CT-06513/57960884_zpid/,,150000,1,3,1154,SINGLE_FAMILY,191 Atwater St,New Haven,6513,CT,USA,191 Atwater St New Haven 6513 CT USA ,41.3162974,-72.8937076,C11,C
https://www.zillow.com/homedetails/12-Welton-St-New-Haven-CT-06511/57960600_zpid/,175000,175000,2,3,1220,SINGLE_FAMILY,12 Welton St,New Haven,6511,CT,USA,12 Welton St New Haven 6511 CT USA ,41.3249933,-72.8956112,C10,C
https://www.zillow.com/homedetails/130-Eagle-St-New-Haven-CT-06511/57963076_zpid/,299899,299900,2,3,1088,SINGLE_FAMILY,130 Eagle St,New Haven,6511,CT,USA,130 Eagle St New Haven 6511 CT USA ,41.3191767,-72.9089013,C9,C
https://www.zillow.com/homedetails/59-Edwards-St-New-Haven-CT-06511/58932583_zpid/,607315,620000,3,2,2414,SINGLE_FAMILY,59 Edwards St,New Haven,6511,CT,USA,59 Edwards St New Haven 6511 CT USA ,41.3168366,-72.9114739,C9,C
https://www.zillow.com/homedetails/156-Mitchell-Dr-New-Haven-CT-06511/2080274775_zpid/,235925,245000,1,2,768,SINGLE_FAMILY,156 Mitchell Dr,New Haven,6511,CT,USA,156 Mitchell Dr New Haven 6511 CT USA ,41.3231459,-72.9073316,C9,C